/*
 Navicat Premium Data Transfer

 Source Server         : localhost
 Source Server Type    : MySQL
 Source Server Version : 50723
 Source Host           : localhost:3306
 Source Schema         : lxt_db

 Target Server Type    : MySQL
 Target Server Version : 50723
 File Encoding         : 65001

 Date: 22/03/2019 00:26:26
*/

SET NAMES utf8mb4;
SET FOREIGN_KEY_CHECKS = 0;

-- ----------------------------
-- Table structure for ACT_EVT_LOG
-- ----------------------------
DROP TABLE IF EXISTS `ACT_EVT_LOG`;
CREATE TABLE `ACT_EVT_LOG` (
  `LOG_NR_` bigint(20) NOT NULL AUTO_INCREMENT,
  `TYPE_` varchar(64) COLLATE utf8_bin DEFAULT NULL,
  `PROC_DEF_ID_` varchar(64) COLLATE utf8_bin DEFAULT NULL,
  `PROC_INST_ID_` varchar(64) COLLATE utf8_bin DEFAULT NULL,
  `EXECUTION_ID_` varchar(64) COLLATE utf8_bin DEFAULT NULL,
  `TASK_ID_` varchar(64) COLLATE utf8_bin DEFAULT NULL,
  `TIME_STAMP_` timestamp(3) NOT NULL DEFAULT CURRENT_TIMESTAMP(3) ON UPDATE CURRENT_TIMESTAMP(3),
  `USER_ID_` varchar(255) COLLATE utf8_bin DEFAULT NULL,
  `DATA_` longblob,
  `LOCK_OWNER_` varchar(255) COLLATE utf8_bin DEFAULT NULL,
  `LOCK_TIME_` timestamp(3) NULL DEFAULT NULL,
  `IS_PROCESSED_` tinyint(4) DEFAULT '0',
  PRIMARY KEY (`LOG_NR_`)
) ENGINE=InnoDB DEFAULT CHARSET=utf8 COLLATE=utf8_bin;

-- ----------------------------
-- Table structure for ACT_GE_BYTEARRAY
-- ----------------------------
DROP TABLE IF EXISTS `ACT_GE_BYTEARRAY`;
CREATE TABLE `ACT_GE_BYTEARRAY` (
  `ID_` varchar(64) COLLATE utf8_bin NOT NULL,
  `REV_` int(11) DEFAULT NULL,
  `NAME_` varchar(255) COLLATE utf8_bin DEFAULT NULL,
  `DEPLOYMENT_ID_` varchar(64) COLLATE utf8_bin DEFAULT NULL,
  `BYTES_` longblob,
  `GENERATED_` tinyint(4) DEFAULT NULL,
  PRIMARY KEY (`ID_`),
  KEY `ACT_FK_BYTEARR_DEPL` (`DEPLOYMENT_ID_`),
  CONSTRAINT `ACT_FK_BYTEARR_DEPL` FOREIGN KEY (`DEPLOYMENT_ID_`) REFERENCES `ACT_RE_DEPLOYMENT` (`ID_`)
) ENGINE=InnoDB DEFAULT CHARSET=utf8 COLLATE=utf8_bin;

-- ----------------------------
-- Records of ACT_GE_BYTEARRAY
-- ----------------------------
BEGIN;
INSERT INTO `ACT_GE_BYTEARRAY` VALUES ('80005', 1, '流程标识.bpmn20.xml', '80004', 0x3C646566696E6974696F6E73207461726765744E616D6573706163653D22687474703A2F2F61637469766974692E6F72672F62706D6E32302220786D6C6E733A61637469766974693D22687474703A2F2F61637469766974692E6F72672F62706D6E2220786D6C6E733D22687474703A2F2F7777772E6F6D672E6F72672F737065632F42504D4E2F32303130303532342F4D4F44454C223E0A20203C70726F636573732069643D22E6B581E7A88BE6A087E8AF8622206E616D653D22E6B581E7A88BE6A087E8AF86223E0A202020203C73746172744576656E742069643D225F3222206E616D653D22E5BC80E5A78B222F3E0A202020203C757365725461736B2069643D225F3322206E616D653D22E4BBBBE58AA131223E0A2020202020203C657874656E73696F6E456C656D656E74733E0A20202020202020203C61637469766974693A7461736B4C697374656E6572206576656E743D226372656174652220636C6173733D22636F6D2E6C78742E6D732E776F726B666C6F772E62706D6E2E6C697374656E65722E4D7941737369676E6D656E7448616E646C6572222F3E0A2020202020203C2F657874656E73696F6E456C656D656E74733E0A202020203C2F757365725461736B3E0A202020203C757365725461736B2069643D225F3422206E616D653D22E4BBBBE58AA132223E0A2020202020203C657874656E73696F6E456C656D656E74733E0A20202020202020203C61637469766974693A7461736B4C697374656E6572206576656E743D226372656174652220636C6173733D22636F6D2E6C78742E6D732E776F726B666C6F772E62706D6E2E6C697374656E65722E4D7941737369676E6D656E7448616E646C6572222F3E0A2020202020203C2F657874656E73696F6E456C656D656E74733E0A202020203C2F757365725461736B3E0A202020203C757365725461736B2069643D225F3522206E616D653D22E4BBBBE58AA133223E0A2020202020203C657874656E73696F6E456C656D656E74733E0A20202020202020203C61637469766974693A7461736B4C697374656E6572206576656E743D226372656174652220636C6173733D22636F6D2E6C78742E6D732E776F726B666C6F772E62706D6E2E6C697374656E65722E4D7941737369676E6D656E7448616E646C6572222F3E0A2020202020203C2F657874656E73696F6E456C656D656E74733E0A202020203C2F757365725461736B3E0A202020203C656E644576656E742069643D225F3622206E616D653D22E7BB93E69D9F222F3E0A202020203C73657175656E6365466C6F772069643D225F322D332220736F757263655265663D225F3222207461726765745265663D225F33222F3E0A202020203C73657175656E6365466C6F772069643D225F332D342220736F757263655265663D225F3322207461726765745265663D225F34222F3E0A202020203C73657175656E6365466C6F772069643D225F342D352220736F757263655265663D225F3422207461726765745265663D225F35222F3E0A202020203C73657175656E6365466C6F772069643D225F352D362220736F757263655265663D225F3522207461726765745265663D225F36222F3E0A20203C2F70726F636573733E0A3C2F646566696E6974696F6E733E, 0);
INSERT INTO `ACT_GE_BYTEARRAY` VALUES ('82502', 1, '流程标识2.bpmn20.xml', '82501', 0x3C646566696E6974696F6E73207461726765744E616D6573706163653D22687474703A2F2F61637469766974692E6F72672F62706D6E32302220786D6C6E733A61637469766974693D22687474703A2F2F61637469766974692E6F72672F62706D6E2220786D6C6E733D22687474703A2F2F7777772E6F6D672E6F72672F737065632F42504D4E2F32303130303532342F4D4F44454C223E0A20203C70726F636573732069643D22E6B581E7A88BE6A087E8AF863222206E616D653D22E6B581E7A88BE6A087E8AF8632223E0A202020203C73746172744576656E742069643D225F3222206E616D653D22E5BC80E5A78B222F3E0A202020203C757365725461736B2069643D225F3322206E616D653D22E4BBBBE58AA131223E0A2020202020203C657874656E73696F6E456C656D656E74733E0A20202020202020203C61637469766974693A7461736B4C697374656E6572206576656E743D226372656174652220636C6173733D22636F6D2E6C78742E6D732E776F726B666C6F772E62706D6E2E6C697374656E65722E4D7941737369676E6D656E7448616E646C6572222F3E0A2020202020203C2F657874656E73696F6E456C656D656E74733E0A202020203C2F757365725461736B3E0A202020203C757365725461736B2069643D225F3422206E616D653D22E4BBBBE58AA132223E0A2020202020203C657874656E73696F6E456C656D656E74733E0A20202020202020203C61637469766974693A7461736B4C697374656E6572206576656E743D226372656174652220636C6173733D22636F6D2E6C78742E6D732E776F726B666C6F772E62706D6E2E6C697374656E65722E4D7941737369676E6D656E7448616E646C6572222F3E0A2020202020203C2F657874656E73696F6E456C656D656E74733E0A202020203C2F757365725461736B3E0A202020203C757365725461736B2069643D225F3522206E616D653D22E4BBBBE58AA133223E0A2020202020203C657874656E73696F6E456C656D656E74733E0A20202020202020203C61637469766974693A7461736B4C697374656E6572206576656E743D226372656174652220636C6173733D22636F6D2E6C78742E6D732E776F726B666C6F772E62706D6E2E6C697374656E65722E4D7941737369676E6D656E7448616E646C6572222F3E0A2020202020203C2F657874656E73696F6E456C656D656E74733E0A202020203C2F757365725461736B3E0A202020203C656E644576656E742069643D225F3622206E616D653D22E7BB93E69D9F222F3E0A202020203C73657175656E6365466C6F772069643D225F322D332220736F757263655265663D225F3222207461726765745265663D225F33222F3E0A202020203C73657175656E6365466C6F772069643D225F332D342220736F757263655265663D225F3322207461726765745265663D225F34222F3E0A202020203C73657175656E6365466C6F772069643D225F342D352220736F757263655265663D225F3422207461726765745265663D225F35222F3E0A202020203C73657175656E6365466C6F772069643D225F352D362220736F757263655265663D225F3522207461726765745265663D225F36222F3E0A20203C2F70726F636573733E0A3C2F646566696E6974696F6E733E, 0);
COMMIT;

-- ----------------------------
-- Table structure for ACT_GE_PROPERTY
-- ----------------------------
DROP TABLE IF EXISTS `ACT_GE_PROPERTY`;
CREATE TABLE `ACT_GE_PROPERTY` (
  `NAME_` varchar(64) COLLATE utf8_bin NOT NULL,
  `VALUE_` varchar(300) COLLATE utf8_bin DEFAULT NULL,
  `REV_` int(11) DEFAULT NULL,
  PRIMARY KEY (`NAME_`)
) ENGINE=InnoDB DEFAULT CHARSET=utf8 COLLATE=utf8_bin;

-- ----------------------------
-- Records of ACT_GE_PROPERTY
-- ----------------------------
BEGIN;
INSERT INTO `ACT_GE_PROPERTY` VALUES ('cfg.execution-related-entities-count', 'false', 1);
INSERT INTO `ACT_GE_PROPERTY` VALUES ('next.dbid', '85001', 35);
INSERT INTO `ACT_GE_PROPERTY` VALUES ('schema.history', 'create(6.0.0.4)', 1);
INSERT INTO `ACT_GE_PROPERTY` VALUES ('schema.version', '6.0.0.4', 1);
COMMIT;

-- ----------------------------
-- Table structure for ACT_HI_ACTINST
-- ----------------------------
DROP TABLE IF EXISTS `ACT_HI_ACTINST`;
CREATE TABLE `ACT_HI_ACTINST` (
  `ID_` varchar(64) COLLATE utf8_bin NOT NULL,
  `PROC_DEF_ID_` varchar(64) COLLATE utf8_bin NOT NULL,
  `PROC_INST_ID_` varchar(64) COLLATE utf8_bin NOT NULL,
  `EXECUTION_ID_` varchar(64) COLLATE utf8_bin NOT NULL,
  `ACT_ID_` varchar(255) COLLATE utf8_bin NOT NULL,
  `TASK_ID_` varchar(64) COLLATE utf8_bin DEFAULT NULL,
  `CALL_PROC_INST_ID_` varchar(64) COLLATE utf8_bin DEFAULT NULL,
  `ACT_NAME_` varchar(255) COLLATE utf8_bin DEFAULT NULL,
  `ACT_TYPE_` varchar(255) COLLATE utf8_bin NOT NULL,
  `ASSIGNEE_` varchar(255) COLLATE utf8_bin DEFAULT NULL,
  `START_TIME_` datetime(3) NOT NULL,
  `END_TIME_` datetime(3) DEFAULT NULL,
  `DURATION_` bigint(20) DEFAULT NULL,
  `DELETE_REASON_` varchar(4000) COLLATE utf8_bin DEFAULT NULL,
  `TENANT_ID_` varchar(255) COLLATE utf8_bin DEFAULT '',
  PRIMARY KEY (`ID_`),
  KEY `ACT_IDX_HI_ACT_INST_START` (`START_TIME_`),
  KEY `ACT_IDX_HI_ACT_INST_END` (`END_TIME_`),
  KEY `ACT_IDX_HI_ACT_INST_PROCINST` (`PROC_INST_ID_`,`ACT_ID_`),
  KEY `ACT_IDX_HI_ACT_INST_EXEC` (`EXECUTION_ID_`,`ACT_ID_`)
) ENGINE=InnoDB DEFAULT CHARSET=utf8 COLLATE=utf8_bin;

-- ----------------------------
-- Records of ACT_HI_ACTINST
-- ----------------------------
BEGIN;
INSERT INTO `ACT_HI_ACTINST` VALUES ('80009', '流程标识:1:80006', '80007', '80008', '_2', NULL, NULL, '开始', 'startEvent', NULL, '2019-02-02 16:38:45.063', '2019-02-02 16:38:45.065', 2, NULL, '');
INSERT INTO `ACT_HI_ACTINST` VALUES ('80010', '流程标识:1:80006', '80007', '80008', '_3', '80011', NULL, '任务1', 'userTask', NULL, '2019-02-02 16:38:45.067', '2019-02-02 16:38:51.915', 6848, NULL, '');
INSERT INTO `ACT_HI_ACTINST` VALUES ('80015', '流程标识:1:80006', '80007', '80008', '_4', '80016', NULL, '任务2', 'userTask', NULL, '2019-02-02 16:38:51.915', '2019-02-02 16:38:53.811', 1896, NULL, '');
INSERT INTO `ACT_HI_ACTINST` VALUES ('80019', '流程标识:1:80006', '80007', '80008', '_5', '80020', NULL, '任务3', 'userTask', NULL, '2019-02-02 16:38:53.811', '2019-02-02 16:38:55.325', 1514, NULL, '');
INSERT INTO `ACT_HI_ACTINST` VALUES ('80023', '流程标识:1:80006', '80007', '80008', '_6', NULL, NULL, '结束', 'endEvent', NULL, '2019-02-02 16:38:55.326', '2019-02-02 16:38:55.326', 0, NULL, '');
COMMIT;

-- ----------------------------
-- Table structure for ACT_HI_ATTACHMENT
-- ----------------------------
DROP TABLE IF EXISTS `ACT_HI_ATTACHMENT`;
CREATE TABLE `ACT_HI_ATTACHMENT` (
  `ID_` varchar(64) COLLATE utf8_bin NOT NULL,
  `REV_` int(11) DEFAULT NULL,
  `USER_ID_` varchar(255) COLLATE utf8_bin DEFAULT NULL,
  `NAME_` varchar(255) COLLATE utf8_bin DEFAULT NULL,
  `DESCRIPTION_` varchar(4000) COLLATE utf8_bin DEFAULT NULL,
  `TYPE_` varchar(255) COLLATE utf8_bin DEFAULT NULL,
  `TASK_ID_` varchar(64) COLLATE utf8_bin DEFAULT NULL,
  `PROC_INST_ID_` varchar(64) COLLATE utf8_bin DEFAULT NULL,
  `URL_` varchar(4000) COLLATE utf8_bin DEFAULT NULL,
  `CONTENT_ID_` varchar(64) COLLATE utf8_bin DEFAULT NULL,
  `TIME_` datetime(3) DEFAULT NULL,
  PRIMARY KEY (`ID_`)
) ENGINE=InnoDB DEFAULT CHARSET=utf8 COLLATE=utf8_bin;

-- ----------------------------
-- Table structure for ACT_HI_COMMENT
-- ----------------------------
DROP TABLE IF EXISTS `ACT_HI_COMMENT`;
CREATE TABLE `ACT_HI_COMMENT` (
  `ID_` varchar(64) COLLATE utf8_bin NOT NULL,
  `TYPE_` varchar(255) COLLATE utf8_bin DEFAULT NULL,
  `TIME_` datetime(3) NOT NULL,
  `USER_ID_` varchar(255) COLLATE utf8_bin DEFAULT NULL,
  `TASK_ID_` varchar(64) COLLATE utf8_bin DEFAULT NULL,
  `PROC_INST_ID_` varchar(64) COLLATE utf8_bin DEFAULT NULL,
  `ACTION_` varchar(255) COLLATE utf8_bin DEFAULT NULL,
  `MESSAGE_` varchar(4000) COLLATE utf8_bin DEFAULT NULL,
  `FULL_MSG_` longblob,
  PRIMARY KEY (`ID_`)
) ENGINE=InnoDB DEFAULT CHARSET=utf8 COLLATE=utf8_bin;

-- ----------------------------
-- Table structure for ACT_HI_DETAIL
-- ----------------------------
DROP TABLE IF EXISTS `ACT_HI_DETAIL`;
CREATE TABLE `ACT_HI_DETAIL` (
  `ID_` varchar(64) COLLATE utf8_bin NOT NULL,
  `TYPE_` varchar(255) COLLATE utf8_bin NOT NULL,
  `PROC_INST_ID_` varchar(64) COLLATE utf8_bin DEFAULT NULL,
  `EXECUTION_ID_` varchar(64) COLLATE utf8_bin DEFAULT NULL,
  `TASK_ID_` varchar(64) COLLATE utf8_bin DEFAULT NULL,
  `ACT_INST_ID_` varchar(64) COLLATE utf8_bin DEFAULT NULL,
  `NAME_` varchar(255) COLLATE utf8_bin NOT NULL,
  `VAR_TYPE_` varchar(255) COLLATE utf8_bin DEFAULT NULL,
  `REV_` int(11) DEFAULT NULL,
  `TIME_` datetime(3) NOT NULL,
  `BYTEARRAY_ID_` varchar(64) COLLATE utf8_bin DEFAULT NULL,
  `DOUBLE_` double DEFAULT NULL,
  `LONG_` bigint(20) DEFAULT NULL,
  `TEXT_` varchar(4000) COLLATE utf8_bin DEFAULT NULL,
  `TEXT2_` varchar(4000) COLLATE utf8_bin DEFAULT NULL,
  PRIMARY KEY (`ID_`),
  KEY `ACT_IDX_HI_DETAIL_PROC_INST` (`PROC_INST_ID_`),
  KEY `ACT_IDX_HI_DETAIL_ACT_INST` (`ACT_INST_ID_`),
  KEY `ACT_IDX_HI_DETAIL_TIME` (`TIME_`),
  KEY `ACT_IDX_HI_DETAIL_NAME` (`NAME_`),
  KEY `ACT_IDX_HI_DETAIL_TASK_ID` (`TASK_ID_`)
) ENGINE=InnoDB DEFAULT CHARSET=utf8 COLLATE=utf8_bin;

-- ----------------------------
-- Table structure for ACT_HI_IDENTITYLINK
-- ----------------------------
DROP TABLE IF EXISTS `ACT_HI_IDENTITYLINK`;
CREATE TABLE `ACT_HI_IDENTITYLINK` (
  `ID_` varchar(64) COLLATE utf8_bin NOT NULL,
  `GROUP_ID_` varchar(255) COLLATE utf8_bin DEFAULT NULL,
  `TYPE_` varchar(255) COLLATE utf8_bin DEFAULT NULL,
  `USER_ID_` varchar(255) COLLATE utf8_bin DEFAULT NULL,
  `TASK_ID_` varchar(64) COLLATE utf8_bin DEFAULT NULL,
  `PROC_INST_ID_` varchar(64) COLLATE utf8_bin DEFAULT NULL,
  PRIMARY KEY (`ID_`),
  KEY `ACT_IDX_HI_IDENT_LNK_USER` (`USER_ID_`),
  KEY `ACT_IDX_HI_IDENT_LNK_TASK` (`TASK_ID_`),
  KEY `ACT_IDX_HI_IDENT_LNK_PROCINST` (`PROC_INST_ID_`)
) ENGINE=InnoDB DEFAULT CHARSET=utf8 COLLATE=utf8_bin;

-- ----------------------------
-- Records of ACT_HI_IDENTITYLINK
-- ----------------------------
BEGIN;
INSERT INTO `ACT_HI_IDENTITYLINK` VALUES ('80012', NULL, 'candidate', 'fozzie', '80011', NULL);
INSERT INTO `ACT_HI_IDENTITYLINK` VALUES ('80013', NULL, 'participant', 'fozzie', NULL, '80007');
INSERT INTO `ACT_HI_IDENTITYLINK` VALUES ('80014', 'management', 'candidate', NULL, '80011', NULL);
INSERT INTO `ACT_HI_IDENTITYLINK` VALUES ('80017', NULL, 'candidate', 'fozzie', '80016', NULL);
INSERT INTO `ACT_HI_IDENTITYLINK` VALUES ('80018', 'management', 'candidate', NULL, '80016', NULL);
INSERT INTO `ACT_HI_IDENTITYLINK` VALUES ('80021', NULL, 'candidate', 'fozzie', '80020', NULL);
INSERT INTO `ACT_HI_IDENTITYLINK` VALUES ('80022', 'management', 'candidate', NULL, '80020', NULL);
COMMIT;

-- ----------------------------
-- Table structure for ACT_HI_PROCINST
-- ----------------------------
DROP TABLE IF EXISTS `ACT_HI_PROCINST`;
CREATE TABLE `ACT_HI_PROCINST` (
  `ID_` varchar(64) COLLATE utf8_bin NOT NULL,
  `PROC_INST_ID_` varchar(64) COLLATE utf8_bin NOT NULL,
  `BUSINESS_KEY_` varchar(255) COLLATE utf8_bin DEFAULT NULL,
  `PROC_DEF_ID_` varchar(64) COLLATE utf8_bin NOT NULL,
  `START_TIME_` datetime(3) NOT NULL,
  `END_TIME_` datetime(3) DEFAULT NULL,
  `DURATION_` bigint(20) DEFAULT NULL,
  `START_USER_ID_` varchar(255) COLLATE utf8_bin DEFAULT NULL,
  `START_ACT_ID_` varchar(255) COLLATE utf8_bin DEFAULT NULL,
  `END_ACT_ID_` varchar(255) COLLATE utf8_bin DEFAULT NULL,
  `SUPER_PROCESS_INSTANCE_ID_` varchar(64) COLLATE utf8_bin DEFAULT NULL,
  `DELETE_REASON_` varchar(4000) COLLATE utf8_bin DEFAULT NULL,
  `TENANT_ID_` varchar(255) COLLATE utf8_bin DEFAULT '',
  `NAME_` varchar(255) COLLATE utf8_bin DEFAULT NULL,
  PRIMARY KEY (`ID_`),
  UNIQUE KEY `PROC_INST_ID_` (`PROC_INST_ID_`),
  KEY `ACT_IDX_HI_PRO_INST_END` (`END_TIME_`),
  KEY `ACT_IDX_HI_PRO_I_BUSKEY` (`BUSINESS_KEY_`)
) ENGINE=InnoDB DEFAULT CHARSET=utf8 COLLATE=utf8_bin;

-- ----------------------------
-- Records of ACT_HI_PROCINST
-- ----------------------------
BEGIN;
INSERT INTO `ACT_HI_PROCINST` VALUES ('80007', '80007', NULL, '流程标识:1:80006', '2019-02-02 16:38:45.060', '2019-02-02 16:38:55.355', 10295, NULL, '_2', '_6', NULL, NULL, '', NULL);
COMMIT;

-- ----------------------------
-- Table structure for ACT_HI_TASKINST
-- ----------------------------
DROP TABLE IF EXISTS `ACT_HI_TASKINST`;
CREATE TABLE `ACT_HI_TASKINST` (
  `ID_` varchar(64) COLLATE utf8_bin NOT NULL,
  `PROC_DEF_ID_` varchar(64) COLLATE utf8_bin DEFAULT NULL,
  `TASK_DEF_KEY_` varchar(255) COLLATE utf8_bin DEFAULT NULL,
  `PROC_INST_ID_` varchar(64) COLLATE utf8_bin DEFAULT NULL,
  `EXECUTION_ID_` varchar(64) COLLATE utf8_bin DEFAULT NULL,
  `NAME_` varchar(255) COLLATE utf8_bin DEFAULT NULL,
  `PARENT_TASK_ID_` varchar(64) COLLATE utf8_bin DEFAULT NULL,
  `DESCRIPTION_` varchar(4000) COLLATE utf8_bin DEFAULT NULL,
  `OWNER_` varchar(255) COLLATE utf8_bin DEFAULT NULL,
  `ASSIGNEE_` varchar(255) COLLATE utf8_bin DEFAULT NULL,
  `START_TIME_` datetime(3) NOT NULL,
  `CLAIM_TIME_` datetime(3) DEFAULT NULL,
  `END_TIME_` datetime(3) DEFAULT NULL,
  `DURATION_` bigint(20) DEFAULT NULL,
  `DELETE_REASON_` varchar(4000) COLLATE utf8_bin DEFAULT NULL,
  `PRIORITY_` int(11) DEFAULT NULL,
  `DUE_DATE_` datetime(3) DEFAULT NULL,
  `FORM_KEY_` varchar(255) COLLATE utf8_bin DEFAULT NULL,
  `CATEGORY_` varchar(255) COLLATE utf8_bin DEFAULT NULL,
  `TENANT_ID_` varchar(255) COLLATE utf8_bin DEFAULT '',
  PRIMARY KEY (`ID_`),
  KEY `ACT_IDX_HI_TASK_INST_PROCINST` (`PROC_INST_ID_`)
) ENGINE=InnoDB DEFAULT CHARSET=utf8 COLLATE=utf8_bin;

-- ----------------------------
-- Records of ACT_HI_TASKINST
-- ----------------------------
BEGIN;
INSERT INTO `ACT_HI_TASKINST` VALUES ('80011', '流程标识:1:80006', '_3', '80007', '80008', '任务1', NULL, NULL, NULL, NULL, '2019-02-02 16:38:45.083', NULL, '2019-02-02 16:38:51.909', 6826, NULL, 50, NULL, NULL, NULL, '');
INSERT INTO `ACT_HI_TASKINST` VALUES ('80016', '流程标识:1:80006', '_4', '80007', '80008', '任务2', NULL, NULL, NULL, NULL, '2019-02-02 16:38:51.915', NULL, '2019-02-02 16:38:53.806', 1891, NULL, 50, NULL, NULL, NULL, '');
INSERT INTO `ACT_HI_TASKINST` VALUES ('80020', '流程标识:1:80006', '_5', '80007', '80008', '任务3', NULL, NULL, NULL, NULL, '2019-02-02 16:38:53.811', NULL, '2019-02-02 16:38:55.321', 1510, NULL, 50, NULL, NULL, NULL, '');
COMMIT;

-- ----------------------------
-- Table structure for ACT_HI_VARINST
-- ----------------------------
DROP TABLE IF EXISTS `ACT_HI_VARINST`;
CREATE TABLE `ACT_HI_VARINST` (
  `ID_` varchar(64) COLLATE utf8_bin NOT NULL,
  `PROC_INST_ID_` varchar(64) COLLATE utf8_bin DEFAULT NULL,
  `EXECUTION_ID_` varchar(64) COLLATE utf8_bin DEFAULT NULL,
  `TASK_ID_` varchar(64) COLLATE utf8_bin DEFAULT NULL,
  `NAME_` varchar(255) COLLATE utf8_bin NOT NULL,
  `VAR_TYPE_` varchar(100) COLLATE utf8_bin DEFAULT NULL,
  `REV_` int(11) DEFAULT NULL,
  `BYTEARRAY_ID_` varchar(64) COLLATE utf8_bin DEFAULT NULL,
  `DOUBLE_` double DEFAULT NULL,
  `LONG_` bigint(20) DEFAULT NULL,
  `TEXT_` varchar(4000) COLLATE utf8_bin DEFAULT NULL,
  `TEXT2_` varchar(4000) COLLATE utf8_bin DEFAULT NULL,
  `CREATE_TIME_` datetime(3) DEFAULT NULL,
  `LAST_UPDATED_TIME_` datetime(3) DEFAULT NULL,
  PRIMARY KEY (`ID_`),
  KEY `ACT_IDX_HI_PROCVAR_PROC_INST` (`PROC_INST_ID_`),
  KEY `ACT_IDX_HI_PROCVAR_NAME_TYPE` (`NAME_`,`VAR_TYPE_`),
  KEY `ACT_IDX_HI_PROCVAR_TASK_ID` (`TASK_ID_`)
) ENGINE=InnoDB DEFAULT CHARSET=utf8 COLLATE=utf8_bin;

-- ----------------------------
-- Table structure for ACT_ID_GROUP
-- ----------------------------
DROP TABLE IF EXISTS `ACT_ID_GROUP`;
CREATE TABLE `ACT_ID_GROUP` (
  `ID_` varchar(64) COLLATE utf8_bin NOT NULL,
  `REV_` int(11) DEFAULT NULL,
  `NAME_` varchar(255) COLLATE utf8_bin DEFAULT NULL,
  `TYPE_` varchar(255) COLLATE utf8_bin DEFAULT NULL,
  PRIMARY KEY (`ID_`)
) ENGINE=InnoDB DEFAULT CHARSET=utf8 COLLATE=utf8_bin;

-- ----------------------------
-- Table structure for ACT_ID_INFO
-- ----------------------------
DROP TABLE IF EXISTS `ACT_ID_INFO`;
CREATE TABLE `ACT_ID_INFO` (
  `ID_` varchar(64) COLLATE utf8_bin NOT NULL,
  `REV_` int(11) DEFAULT NULL,
  `USER_ID_` varchar(64) COLLATE utf8_bin DEFAULT NULL,
  `TYPE_` varchar(64) COLLATE utf8_bin DEFAULT NULL,
  `KEY_` varchar(255) COLLATE utf8_bin DEFAULT NULL,
  `VALUE_` varchar(255) COLLATE utf8_bin DEFAULT NULL,
  `PASSWORD_` longblob,
  `PARENT_ID_` varchar(255) COLLATE utf8_bin DEFAULT NULL,
  PRIMARY KEY (`ID_`)
) ENGINE=InnoDB DEFAULT CHARSET=utf8 COLLATE=utf8_bin;

-- ----------------------------
-- Table structure for ACT_ID_MEMBERSHIP
-- ----------------------------
DROP TABLE IF EXISTS `ACT_ID_MEMBERSHIP`;
CREATE TABLE `ACT_ID_MEMBERSHIP` (
  `USER_ID_` varchar(64) COLLATE utf8_bin NOT NULL,
  `GROUP_ID_` varchar(64) COLLATE utf8_bin NOT NULL,
  PRIMARY KEY (`USER_ID_`,`GROUP_ID_`),
  KEY `ACT_FK_MEMB_GROUP` (`GROUP_ID_`),
  CONSTRAINT `ACT_FK_MEMB_GROUP` FOREIGN KEY (`GROUP_ID_`) REFERENCES `ACT_ID_GROUP` (`ID_`),
  CONSTRAINT `ACT_FK_MEMB_USER` FOREIGN KEY (`USER_ID_`) REFERENCES `ACT_ID_USER` (`ID_`)
) ENGINE=InnoDB DEFAULT CHARSET=utf8 COLLATE=utf8_bin;

-- ----------------------------
-- Table structure for ACT_ID_USER
-- ----------------------------
DROP TABLE IF EXISTS `ACT_ID_USER`;
CREATE TABLE `ACT_ID_USER` (
  `ID_` varchar(64) COLLATE utf8_bin NOT NULL,
  `REV_` int(11) DEFAULT NULL,
  `FIRST_` varchar(255) COLLATE utf8_bin DEFAULT NULL,
  `LAST_` varchar(255) COLLATE utf8_bin DEFAULT NULL,
  `EMAIL_` varchar(255) COLLATE utf8_bin DEFAULT NULL,
  `PWD_` varchar(255) COLLATE utf8_bin DEFAULT NULL,
  `PICTURE_ID_` varchar(64) COLLATE utf8_bin DEFAULT NULL,
  PRIMARY KEY (`ID_`)
) ENGINE=InnoDB DEFAULT CHARSET=utf8 COLLATE=utf8_bin;

-- ----------------------------
-- Table structure for ACT_PROCDEF_INFO
-- ----------------------------
DROP TABLE IF EXISTS `ACT_PROCDEF_INFO`;
CREATE TABLE `ACT_PROCDEF_INFO` (
  `ID_` varchar(64) COLLATE utf8_bin NOT NULL,
  `PROC_DEF_ID_` varchar(64) COLLATE utf8_bin NOT NULL,
  `REV_` int(11) DEFAULT NULL,
  `INFO_JSON_ID_` varchar(64) COLLATE utf8_bin DEFAULT NULL,
  PRIMARY KEY (`ID_`),
  UNIQUE KEY `ACT_UNIQ_INFO_PROCDEF` (`PROC_DEF_ID_`),
  KEY `ACT_IDX_INFO_PROCDEF` (`PROC_DEF_ID_`),
  KEY `ACT_FK_INFO_JSON_BA` (`INFO_JSON_ID_`),
  CONSTRAINT `ACT_FK_INFO_JSON_BA` FOREIGN KEY (`INFO_JSON_ID_`) REFERENCES `ACT_GE_BYTEARRAY` (`ID_`),
  CONSTRAINT `ACT_FK_INFO_PROCDEF` FOREIGN KEY (`PROC_DEF_ID_`) REFERENCES `ACT_RE_PROCDEF` (`ID_`)
) ENGINE=InnoDB DEFAULT CHARSET=utf8 COLLATE=utf8_bin;

-- ----------------------------
-- Table structure for ACT_RE_DEPLOYMENT
-- ----------------------------
DROP TABLE IF EXISTS `ACT_RE_DEPLOYMENT`;
CREATE TABLE `ACT_RE_DEPLOYMENT` (
  `ID_` varchar(64) COLLATE utf8_bin NOT NULL,
  `NAME_` varchar(255) COLLATE utf8_bin DEFAULT NULL,
  `CATEGORY_` varchar(255) COLLATE utf8_bin DEFAULT NULL,
  `KEY_` varchar(255) COLLATE utf8_bin DEFAULT NULL,
  `TENANT_ID_` varchar(255) COLLATE utf8_bin DEFAULT '',
  `DEPLOY_TIME_` timestamp(3) NULL DEFAULT NULL,
  `ENGINE_VERSION_` varchar(255) COLLATE utf8_bin DEFAULT NULL,
  PRIMARY KEY (`ID_`)
) ENGINE=InnoDB DEFAULT CHARSET=utf8 COLLATE=utf8_bin;

-- ----------------------------
-- Records of ACT_RE_DEPLOYMENT
-- ----------------------------
BEGIN;
INSERT INTO `ACT_RE_DEPLOYMENT` VALUES ('80004', '流程标识', NULL, NULL, '', '2019-02-02 16:38:35.713', NULL);
INSERT INTO `ACT_RE_DEPLOYMENT` VALUES ('82501', '流程标识2', NULL, NULL, '', '2019-03-09 17:46:53.732', NULL);
COMMIT;

-- ----------------------------
-- Table structure for ACT_RE_MODEL
-- ----------------------------
DROP TABLE IF EXISTS `ACT_RE_MODEL`;
CREATE TABLE `ACT_RE_MODEL` (
  `ID_` varchar(64) COLLATE utf8_bin NOT NULL,
  `REV_` int(11) DEFAULT NULL,
  `NAME_` varchar(255) COLLATE utf8_bin DEFAULT NULL,
  `KEY_` varchar(255) COLLATE utf8_bin DEFAULT NULL,
  `CATEGORY_` varchar(255) COLLATE utf8_bin DEFAULT NULL,
  `CREATE_TIME_` timestamp(3) NULL DEFAULT NULL,
  `LAST_UPDATE_TIME_` timestamp(3) NULL DEFAULT NULL,
  `VERSION_` int(11) DEFAULT NULL,
  `META_INFO_` varchar(4000) COLLATE utf8_bin DEFAULT NULL,
  `DEPLOYMENT_ID_` varchar(64) COLLATE utf8_bin DEFAULT NULL,
  `EDITOR_SOURCE_VALUE_ID_` varchar(64) COLLATE utf8_bin DEFAULT NULL,
  `EDITOR_SOURCE_EXTRA_VALUE_ID_` varchar(64) COLLATE utf8_bin DEFAULT NULL,
  `TENANT_ID_` varchar(255) COLLATE utf8_bin DEFAULT '',
  PRIMARY KEY (`ID_`),
  KEY `ACT_FK_MODEL_SOURCE` (`EDITOR_SOURCE_VALUE_ID_`),
  KEY `ACT_FK_MODEL_SOURCE_EXTRA` (`EDITOR_SOURCE_EXTRA_VALUE_ID_`),
  KEY `ACT_FK_MODEL_DEPLOYMENT` (`DEPLOYMENT_ID_`),
  CONSTRAINT `ACT_FK_MODEL_DEPLOYMENT` FOREIGN KEY (`DEPLOYMENT_ID_`) REFERENCES `ACT_RE_DEPLOYMENT` (`ID_`),
  CONSTRAINT `ACT_FK_MODEL_SOURCE` FOREIGN KEY (`EDITOR_SOURCE_VALUE_ID_`) REFERENCES `ACT_GE_BYTEARRAY` (`ID_`),
  CONSTRAINT `ACT_FK_MODEL_SOURCE_EXTRA` FOREIGN KEY (`EDITOR_SOURCE_EXTRA_VALUE_ID_`) REFERENCES `ACT_GE_BYTEARRAY` (`ID_`)
) ENGINE=InnoDB DEFAULT CHARSET=utf8 COLLATE=utf8_bin;

-- ----------------------------
-- Table structure for ACT_RE_PROCDEF
-- ----------------------------
DROP TABLE IF EXISTS `ACT_RE_PROCDEF`;
CREATE TABLE `ACT_RE_PROCDEF` (
  `ID_` varchar(64) COLLATE utf8_bin NOT NULL,
  `REV_` int(11) DEFAULT NULL,
  `CATEGORY_` varchar(255) COLLATE utf8_bin DEFAULT NULL,
  `NAME_` varchar(255) COLLATE utf8_bin DEFAULT NULL,
  `KEY_` varchar(255) COLLATE utf8_bin NOT NULL,
  `VERSION_` int(11) NOT NULL,
  `DEPLOYMENT_ID_` varchar(64) COLLATE utf8_bin DEFAULT NULL,
  `RESOURCE_NAME_` varchar(4000) COLLATE utf8_bin DEFAULT NULL,
  `DGRM_RESOURCE_NAME_` varchar(4000) COLLATE utf8_bin DEFAULT NULL,
  `DESCRIPTION_` varchar(4000) COLLATE utf8_bin DEFAULT NULL,
  `HAS_START_FORM_KEY_` tinyint(4) DEFAULT NULL,
  `HAS_GRAPHICAL_NOTATION_` tinyint(4) DEFAULT NULL,
  `SUSPENSION_STATE_` int(11) DEFAULT NULL,
  `TENANT_ID_` varchar(255) COLLATE utf8_bin DEFAULT '',
  `ENGINE_VERSION_` varchar(255) COLLATE utf8_bin DEFAULT NULL,
  PRIMARY KEY (`ID_`),
  UNIQUE KEY `ACT_UNIQ_PROCDEF` (`KEY_`,`VERSION_`,`TENANT_ID_`)
) ENGINE=InnoDB DEFAULT CHARSET=utf8 COLLATE=utf8_bin;

-- ----------------------------
-- Records of ACT_RE_PROCDEF
-- ----------------------------
BEGIN;
INSERT INTO `ACT_RE_PROCDEF` VALUES ('流程标识2:1:82503', 1, 'http://activiti.org/bpmn20', '流程标识2', '流程标识2', 1, '82501', '流程标识2.bpmn20.xml', NULL, NULL, 0, 0, 1, '', NULL);
INSERT INTO `ACT_RE_PROCDEF` VALUES ('流程标识:1:80006', 1, 'http://activiti.org/bpmn20', '流程标识', '流程标识', 1, '80004', '流程标识.bpmn20.xml', NULL, NULL, 0, 0, 1, '', NULL);
COMMIT;

-- ----------------------------
-- Table structure for ACT_RU_DEADLETTER_JOB
-- ----------------------------
DROP TABLE IF EXISTS `ACT_RU_DEADLETTER_JOB`;
CREATE TABLE `ACT_RU_DEADLETTER_JOB` (
  `ID_` varchar(64) COLLATE utf8_bin NOT NULL,
  `REV_` int(11) DEFAULT NULL,
  `TYPE_` varchar(255) COLLATE utf8_bin NOT NULL,
  `EXCLUSIVE_` tinyint(1) DEFAULT NULL,
  `EXECUTION_ID_` varchar(64) COLLATE utf8_bin DEFAULT NULL,
  `PROCESS_INSTANCE_ID_` varchar(64) COLLATE utf8_bin DEFAULT NULL,
  `PROC_DEF_ID_` varchar(64) COLLATE utf8_bin DEFAULT NULL,
  `EXCEPTION_STACK_ID_` varchar(64) COLLATE utf8_bin DEFAULT NULL,
  `EXCEPTION_MSG_` varchar(4000) COLLATE utf8_bin DEFAULT NULL,
  `DUEDATE_` timestamp(3) NULL DEFAULT NULL,
  `REPEAT_` varchar(255) COLLATE utf8_bin DEFAULT NULL,
  `HANDLER_TYPE_` varchar(255) COLLATE utf8_bin DEFAULT NULL,
  `HANDLER_CFG_` varchar(4000) COLLATE utf8_bin DEFAULT NULL,
  `TENANT_ID_` varchar(255) COLLATE utf8_bin DEFAULT '',
  PRIMARY KEY (`ID_`),
  KEY `ACT_FK_DEADLETTER_JOB_EXECUTION` (`EXECUTION_ID_`),
  KEY `ACT_FK_DEADLETTER_JOB_PROCESS_INSTANCE` (`PROCESS_INSTANCE_ID_`),
  KEY `ACT_FK_DEADLETTER_JOB_PROC_DEF` (`PROC_DEF_ID_`),
  KEY `ACT_FK_DEADLETTER_JOB_EXCEPTION` (`EXCEPTION_STACK_ID_`),
  CONSTRAINT `ACT_FK_DEADLETTER_JOB_EXCEPTION` FOREIGN KEY (`EXCEPTION_STACK_ID_`) REFERENCES `ACT_GE_BYTEARRAY` (`ID_`),
  CONSTRAINT `ACT_FK_DEADLETTER_JOB_EXECUTION` FOREIGN KEY (`EXECUTION_ID_`) REFERENCES `ACT_RU_EXECUTION` (`ID_`),
  CONSTRAINT `ACT_FK_DEADLETTER_JOB_PROCESS_INSTANCE` FOREIGN KEY (`PROCESS_INSTANCE_ID_`) REFERENCES `ACT_RU_EXECUTION` (`ID_`),
  CONSTRAINT `ACT_FK_DEADLETTER_JOB_PROC_DEF` FOREIGN KEY (`PROC_DEF_ID_`) REFERENCES `ACT_RE_PROCDEF` (`ID_`)
) ENGINE=InnoDB DEFAULT CHARSET=utf8 COLLATE=utf8_bin;

-- ----------------------------
-- Table structure for ACT_RU_EVENT_SUBSCR
-- ----------------------------
DROP TABLE IF EXISTS `ACT_RU_EVENT_SUBSCR`;
CREATE TABLE `ACT_RU_EVENT_SUBSCR` (
  `ID_` varchar(64) COLLATE utf8_bin NOT NULL,
  `REV_` int(11) DEFAULT NULL,
  `EVENT_TYPE_` varchar(255) COLLATE utf8_bin NOT NULL,
  `EVENT_NAME_` varchar(255) COLLATE utf8_bin DEFAULT NULL,
  `EXECUTION_ID_` varchar(64) COLLATE utf8_bin DEFAULT NULL,
  `PROC_INST_ID_` varchar(64) COLLATE utf8_bin DEFAULT NULL,
  `ACTIVITY_ID_` varchar(64) COLLATE utf8_bin DEFAULT NULL,
  `CONFIGURATION_` varchar(255) COLLATE utf8_bin DEFAULT NULL,
  `CREATED_` timestamp(3) NOT NULL DEFAULT CURRENT_TIMESTAMP(3),
  `PROC_DEF_ID_` varchar(64) COLLATE utf8_bin DEFAULT NULL,
  `TENANT_ID_` varchar(255) COLLATE utf8_bin DEFAULT '',
  PRIMARY KEY (`ID_`),
  KEY `ACT_IDX_EVENT_SUBSCR_CONFIG_` (`CONFIGURATION_`),
  KEY `ACT_FK_EVENT_EXEC` (`EXECUTION_ID_`),
  CONSTRAINT `ACT_FK_EVENT_EXEC` FOREIGN KEY (`EXECUTION_ID_`) REFERENCES `ACT_RU_EXECUTION` (`ID_`)
) ENGINE=InnoDB DEFAULT CHARSET=utf8 COLLATE=utf8_bin;

-- ----------------------------
-- Table structure for ACT_RU_EXECUTION
-- ----------------------------
DROP TABLE IF EXISTS `ACT_RU_EXECUTION`;
CREATE TABLE `ACT_RU_EXECUTION` (
  `ID_` varchar(64) COLLATE utf8_bin NOT NULL,
  `REV_` int(11) DEFAULT NULL,
  `PROC_INST_ID_` varchar(64) COLLATE utf8_bin DEFAULT NULL,
  `BUSINESS_KEY_` varchar(255) COLLATE utf8_bin DEFAULT NULL,
  `PARENT_ID_` varchar(64) COLLATE utf8_bin DEFAULT NULL,
  `PROC_DEF_ID_` varchar(64) COLLATE utf8_bin DEFAULT NULL,
  `SUPER_EXEC_` varchar(64) COLLATE utf8_bin DEFAULT NULL,
  `ROOT_PROC_INST_ID_` varchar(64) COLLATE utf8_bin DEFAULT NULL,
  `ACT_ID_` varchar(255) COLLATE utf8_bin DEFAULT NULL,
  `IS_ACTIVE_` tinyint(4) DEFAULT NULL,
  `IS_CONCURRENT_` tinyint(4) DEFAULT NULL,
  `IS_SCOPE_` tinyint(4) DEFAULT NULL,
  `IS_EVENT_SCOPE_` tinyint(4) DEFAULT NULL,
  `IS_MI_ROOT_` tinyint(4) DEFAULT NULL,
  `SUSPENSION_STATE_` int(11) DEFAULT NULL,
  `CACHED_ENT_STATE_` int(11) DEFAULT NULL,
  `TENANT_ID_` varchar(255) COLLATE utf8_bin DEFAULT '',
  `NAME_` varchar(255) COLLATE utf8_bin DEFAULT NULL,
  `START_TIME_` datetime(3) DEFAULT NULL,
  `START_USER_ID_` varchar(255) COLLATE utf8_bin DEFAULT NULL,
  `LOCK_TIME_` timestamp(3) NULL DEFAULT NULL,
  `IS_COUNT_ENABLED_` tinyint(4) DEFAULT NULL,
  `EVT_SUBSCR_COUNT_` int(11) DEFAULT NULL,
  `TASK_COUNT_` int(11) DEFAULT NULL,
  `JOB_COUNT_` int(11) DEFAULT NULL,
  `TIMER_JOB_COUNT_` int(11) DEFAULT NULL,
  `SUSP_JOB_COUNT_` int(11) DEFAULT NULL,
  `DEADLETTER_JOB_COUNT_` int(11) DEFAULT NULL,
  `VAR_COUNT_` int(11) DEFAULT NULL,
  `ID_LINK_COUNT_` int(11) DEFAULT NULL,
  PRIMARY KEY (`ID_`),
  KEY `ACT_IDX_EXEC_BUSKEY` (`BUSINESS_KEY_`),
  KEY `ACT_IDC_EXEC_ROOT` (`ROOT_PROC_INST_ID_`),
  KEY `ACT_FK_EXE_PROCINST` (`PROC_INST_ID_`),
  KEY `ACT_FK_EXE_PARENT` (`PARENT_ID_`),
  KEY `ACT_FK_EXE_SUPER` (`SUPER_EXEC_`),
  KEY `ACT_FK_EXE_PROCDEF` (`PROC_DEF_ID_`),
  CONSTRAINT `ACT_FK_EXE_PARENT` FOREIGN KEY (`PARENT_ID_`) REFERENCES `ACT_RU_EXECUTION` (`ID_`) ON DELETE CASCADE,
  CONSTRAINT `ACT_FK_EXE_PROCDEF` FOREIGN KEY (`PROC_DEF_ID_`) REFERENCES `ACT_RE_PROCDEF` (`ID_`),
  CONSTRAINT `ACT_FK_EXE_PROCINST` FOREIGN KEY (`PROC_INST_ID_`) REFERENCES `ACT_RU_EXECUTION` (`ID_`) ON DELETE CASCADE ON UPDATE CASCADE,
  CONSTRAINT `ACT_FK_EXE_SUPER` FOREIGN KEY (`SUPER_EXEC_`) REFERENCES `ACT_RU_EXECUTION` (`ID_`) ON DELETE CASCADE
) ENGINE=InnoDB DEFAULT CHARSET=utf8 COLLATE=utf8_bin;

-- ----------------------------
-- Table structure for ACT_RU_IDENTITYLINK
-- ----------------------------
DROP TABLE IF EXISTS `ACT_RU_IDENTITYLINK`;
CREATE TABLE `ACT_RU_IDENTITYLINK` (
  `ID_` varchar(64) COLLATE utf8_bin NOT NULL,
  `REV_` int(11) DEFAULT NULL,
  `GROUP_ID_` varchar(255) COLLATE utf8_bin DEFAULT NULL,
  `TYPE_` varchar(255) COLLATE utf8_bin DEFAULT NULL,
  `USER_ID_` varchar(255) COLLATE utf8_bin DEFAULT NULL,
  `TASK_ID_` varchar(64) COLLATE utf8_bin DEFAULT NULL,
  `PROC_INST_ID_` varchar(64) COLLATE utf8_bin DEFAULT NULL,
  `PROC_DEF_ID_` varchar(64) COLLATE utf8_bin DEFAULT NULL,
  PRIMARY KEY (`ID_`),
  KEY `ACT_IDX_IDENT_LNK_USER` (`USER_ID_`),
  KEY `ACT_IDX_IDENT_LNK_GROUP` (`GROUP_ID_`),
  KEY `ACT_IDX_ATHRZ_PROCEDEF` (`PROC_DEF_ID_`),
  KEY `ACT_FK_TSKASS_TASK` (`TASK_ID_`),
  KEY `ACT_FK_IDL_PROCINST` (`PROC_INST_ID_`),
  CONSTRAINT `ACT_FK_ATHRZ_PROCEDEF` FOREIGN KEY (`PROC_DEF_ID_`) REFERENCES `ACT_RE_PROCDEF` (`ID_`),
  CONSTRAINT `ACT_FK_IDL_PROCINST` FOREIGN KEY (`PROC_INST_ID_`) REFERENCES `ACT_RU_EXECUTION` (`ID_`),
  CONSTRAINT `ACT_FK_TSKASS_TASK` FOREIGN KEY (`TASK_ID_`) REFERENCES `ACT_RU_TASK` (`ID_`)
) ENGINE=InnoDB DEFAULT CHARSET=utf8 COLLATE=utf8_bin;

-- ----------------------------
-- Table structure for ACT_RU_JOB
-- ----------------------------
DROP TABLE IF EXISTS `ACT_RU_JOB`;
CREATE TABLE `ACT_RU_JOB` (
  `ID_` varchar(64) COLLATE utf8_bin NOT NULL,
  `REV_` int(11) DEFAULT NULL,
  `TYPE_` varchar(255) COLLATE utf8_bin NOT NULL,
  `LOCK_EXP_TIME_` timestamp(3) NULL DEFAULT NULL,
  `LOCK_OWNER_` varchar(255) COLLATE utf8_bin DEFAULT NULL,
  `EXCLUSIVE_` tinyint(1) DEFAULT NULL,
  `EXECUTION_ID_` varchar(64) COLLATE utf8_bin DEFAULT NULL,
  `PROCESS_INSTANCE_ID_` varchar(64) COLLATE utf8_bin DEFAULT NULL,
  `PROC_DEF_ID_` varchar(64) COLLATE utf8_bin DEFAULT NULL,
  `RETRIES_` int(11) DEFAULT NULL,
  `EXCEPTION_STACK_ID_` varchar(64) COLLATE utf8_bin DEFAULT NULL,
  `EXCEPTION_MSG_` varchar(4000) COLLATE utf8_bin DEFAULT NULL,
  `DUEDATE_` timestamp(3) NULL DEFAULT NULL,
  `REPEAT_` varchar(255) COLLATE utf8_bin DEFAULT NULL,
  `HANDLER_TYPE_` varchar(255) COLLATE utf8_bin DEFAULT NULL,
  `HANDLER_CFG_` varchar(4000) COLLATE utf8_bin DEFAULT NULL,
  `TENANT_ID_` varchar(255) COLLATE utf8_bin DEFAULT '',
  PRIMARY KEY (`ID_`),
  KEY `ACT_FK_JOB_EXECUTION` (`EXECUTION_ID_`),
  KEY `ACT_FK_JOB_PROCESS_INSTANCE` (`PROCESS_INSTANCE_ID_`),
  KEY `ACT_FK_JOB_PROC_DEF` (`PROC_DEF_ID_`),
  KEY `ACT_FK_JOB_EXCEPTION` (`EXCEPTION_STACK_ID_`),
  CONSTRAINT `ACT_FK_JOB_EXCEPTION` FOREIGN KEY (`EXCEPTION_STACK_ID_`) REFERENCES `ACT_GE_BYTEARRAY` (`ID_`),
  CONSTRAINT `ACT_FK_JOB_EXECUTION` FOREIGN KEY (`EXECUTION_ID_`) REFERENCES `ACT_RU_EXECUTION` (`ID_`),
  CONSTRAINT `ACT_FK_JOB_PROCESS_INSTANCE` FOREIGN KEY (`PROCESS_INSTANCE_ID_`) REFERENCES `ACT_RU_EXECUTION` (`ID_`),
  CONSTRAINT `ACT_FK_JOB_PROC_DEF` FOREIGN KEY (`PROC_DEF_ID_`) REFERENCES `ACT_RE_PROCDEF` (`ID_`)
) ENGINE=InnoDB DEFAULT CHARSET=utf8 COLLATE=utf8_bin;

-- ----------------------------
-- Table structure for ACT_RU_SUSPENDED_JOB
-- ----------------------------
DROP TABLE IF EXISTS `ACT_RU_SUSPENDED_JOB`;
CREATE TABLE `ACT_RU_SUSPENDED_JOB` (
  `ID_` varchar(64) COLLATE utf8_bin NOT NULL,
  `REV_` int(11) DEFAULT NULL,
  `TYPE_` varchar(255) COLLATE utf8_bin NOT NULL,
  `EXCLUSIVE_` tinyint(1) DEFAULT NULL,
  `EXECUTION_ID_` varchar(64) COLLATE utf8_bin DEFAULT NULL,
  `PROCESS_INSTANCE_ID_` varchar(64) COLLATE utf8_bin DEFAULT NULL,
  `PROC_DEF_ID_` varchar(64) COLLATE utf8_bin DEFAULT NULL,
  `RETRIES_` int(11) DEFAULT NULL,
  `EXCEPTION_STACK_ID_` varchar(64) COLLATE utf8_bin DEFAULT NULL,
  `EXCEPTION_MSG_` varchar(4000) COLLATE utf8_bin DEFAULT NULL,
  `DUEDATE_` timestamp(3) NULL DEFAULT NULL,
  `REPEAT_` varchar(255) COLLATE utf8_bin DEFAULT NULL,
  `HANDLER_TYPE_` varchar(255) COLLATE utf8_bin DEFAULT NULL,
  `HANDLER_CFG_` varchar(4000) COLLATE utf8_bin DEFAULT NULL,
  `TENANT_ID_` varchar(255) COLLATE utf8_bin DEFAULT '',
  PRIMARY KEY (`ID_`),
  KEY `ACT_FK_SUSPENDED_JOB_EXECUTION` (`EXECUTION_ID_`),
  KEY `ACT_FK_SUSPENDED_JOB_PROCESS_INSTANCE` (`PROCESS_INSTANCE_ID_`),
  KEY `ACT_FK_SUSPENDED_JOB_PROC_DEF` (`PROC_DEF_ID_`),
  KEY `ACT_FK_SUSPENDED_JOB_EXCEPTION` (`EXCEPTION_STACK_ID_`),
  CONSTRAINT `ACT_FK_SUSPENDED_JOB_EXCEPTION` FOREIGN KEY (`EXCEPTION_STACK_ID_`) REFERENCES `ACT_GE_BYTEARRAY` (`ID_`),
  CONSTRAINT `ACT_FK_SUSPENDED_JOB_EXECUTION` FOREIGN KEY (`EXECUTION_ID_`) REFERENCES `ACT_RU_EXECUTION` (`ID_`),
  CONSTRAINT `ACT_FK_SUSPENDED_JOB_PROCESS_INSTANCE` FOREIGN KEY (`PROCESS_INSTANCE_ID_`) REFERENCES `ACT_RU_EXECUTION` (`ID_`),
  CONSTRAINT `ACT_FK_SUSPENDED_JOB_PROC_DEF` FOREIGN KEY (`PROC_DEF_ID_`) REFERENCES `ACT_RE_PROCDEF` (`ID_`)
) ENGINE=InnoDB DEFAULT CHARSET=utf8 COLLATE=utf8_bin;

-- ----------------------------
-- Table structure for ACT_RU_TASK
-- ----------------------------
DROP TABLE IF EXISTS `ACT_RU_TASK`;
CREATE TABLE `ACT_RU_TASK` (
  `ID_` varchar(64) COLLATE utf8_bin NOT NULL,
  `REV_` int(11) DEFAULT NULL,
  `EXECUTION_ID_` varchar(64) COLLATE utf8_bin DEFAULT NULL,
  `PROC_INST_ID_` varchar(64) COLLATE utf8_bin DEFAULT NULL,
  `PROC_DEF_ID_` varchar(64) COLLATE utf8_bin DEFAULT NULL,
  `NAME_` varchar(255) COLLATE utf8_bin DEFAULT NULL,
  `PARENT_TASK_ID_` varchar(64) COLLATE utf8_bin DEFAULT NULL,
  `DESCRIPTION_` varchar(4000) COLLATE utf8_bin DEFAULT NULL,
  `TASK_DEF_KEY_` varchar(255) COLLATE utf8_bin DEFAULT NULL,
  `OWNER_` varchar(255) COLLATE utf8_bin DEFAULT NULL,
  `ASSIGNEE_` varchar(255) COLLATE utf8_bin DEFAULT NULL,
  `DELEGATION_` varchar(64) COLLATE utf8_bin DEFAULT NULL,
  `PRIORITY_` int(11) DEFAULT NULL,
  `CREATE_TIME_` timestamp(3) NULL DEFAULT NULL,
  `DUE_DATE_` datetime(3) DEFAULT NULL,
  `CATEGORY_` varchar(255) COLLATE utf8_bin DEFAULT NULL,
  `SUSPENSION_STATE_` int(11) DEFAULT NULL,
  `TENANT_ID_` varchar(255) COLLATE utf8_bin DEFAULT '',
  `FORM_KEY_` varchar(255) COLLATE utf8_bin DEFAULT NULL,
  `CLAIM_TIME_` datetime(3) DEFAULT NULL,
  PRIMARY KEY (`ID_`),
  KEY `ACT_IDX_TASK_CREATE` (`CREATE_TIME_`),
  KEY `ACT_FK_TASK_EXE` (`EXECUTION_ID_`),
  KEY `ACT_FK_TASK_PROCINST` (`PROC_INST_ID_`),
  KEY `ACT_FK_TASK_PROCDEF` (`PROC_DEF_ID_`),
  CONSTRAINT `ACT_FK_TASK_EXE` FOREIGN KEY (`EXECUTION_ID_`) REFERENCES `ACT_RU_EXECUTION` (`ID_`),
  CONSTRAINT `ACT_FK_TASK_PROCDEF` FOREIGN KEY (`PROC_DEF_ID_`) REFERENCES `ACT_RE_PROCDEF` (`ID_`),
  CONSTRAINT `ACT_FK_TASK_PROCINST` FOREIGN KEY (`PROC_INST_ID_`) REFERENCES `ACT_RU_EXECUTION` (`ID_`)
) ENGINE=InnoDB DEFAULT CHARSET=utf8 COLLATE=utf8_bin;

-- ----------------------------
-- Table structure for ACT_RU_TIMER_JOB
-- ----------------------------
DROP TABLE IF EXISTS `ACT_RU_TIMER_JOB`;
CREATE TABLE `ACT_RU_TIMER_JOB` (
  `ID_` varchar(64) COLLATE utf8_bin NOT NULL,
  `REV_` int(11) DEFAULT NULL,
  `TYPE_` varchar(255) COLLATE utf8_bin NOT NULL,
  `LOCK_EXP_TIME_` timestamp(3) NULL DEFAULT NULL,
  `LOCK_OWNER_` varchar(255) COLLATE utf8_bin DEFAULT NULL,
  `EXCLUSIVE_` tinyint(1) DEFAULT NULL,
  `EXECUTION_ID_` varchar(64) COLLATE utf8_bin DEFAULT NULL,
  `PROCESS_INSTANCE_ID_` varchar(64) COLLATE utf8_bin DEFAULT NULL,
  `PROC_DEF_ID_` varchar(64) COLLATE utf8_bin DEFAULT NULL,
  `RETRIES_` int(11) DEFAULT NULL,
  `EXCEPTION_STACK_ID_` varchar(64) COLLATE utf8_bin DEFAULT NULL,
  `EXCEPTION_MSG_` varchar(4000) COLLATE utf8_bin DEFAULT NULL,
  `DUEDATE_` timestamp(3) NULL DEFAULT NULL,
  `REPEAT_` varchar(255) COLLATE utf8_bin DEFAULT NULL,
  `HANDLER_TYPE_` varchar(255) COLLATE utf8_bin DEFAULT NULL,
  `HANDLER_CFG_` varchar(4000) COLLATE utf8_bin DEFAULT NULL,
  `TENANT_ID_` varchar(255) COLLATE utf8_bin DEFAULT '',
  PRIMARY KEY (`ID_`),
  KEY `ACT_FK_TIMER_JOB_EXECUTION` (`EXECUTION_ID_`),
  KEY `ACT_FK_TIMER_JOB_PROCESS_INSTANCE` (`PROCESS_INSTANCE_ID_`),
  KEY `ACT_FK_TIMER_JOB_PROC_DEF` (`PROC_DEF_ID_`),
  KEY `ACT_FK_TIMER_JOB_EXCEPTION` (`EXCEPTION_STACK_ID_`),
  CONSTRAINT `ACT_FK_TIMER_JOB_EXCEPTION` FOREIGN KEY (`EXCEPTION_STACK_ID_`) REFERENCES `ACT_GE_BYTEARRAY` (`ID_`),
  CONSTRAINT `ACT_FK_TIMER_JOB_EXECUTION` FOREIGN KEY (`EXECUTION_ID_`) REFERENCES `ACT_RU_EXECUTION` (`ID_`),
  CONSTRAINT `ACT_FK_TIMER_JOB_PROCESS_INSTANCE` FOREIGN KEY (`PROCESS_INSTANCE_ID_`) REFERENCES `ACT_RU_EXECUTION` (`ID_`),
  CONSTRAINT `ACT_FK_TIMER_JOB_PROC_DEF` FOREIGN KEY (`PROC_DEF_ID_`) REFERENCES `ACT_RE_PROCDEF` (`ID_`)
) ENGINE=InnoDB DEFAULT CHARSET=utf8 COLLATE=utf8_bin;

-- ----------------------------
-- Table structure for ACT_RU_VARIABLE
-- ----------------------------
DROP TABLE IF EXISTS `ACT_RU_VARIABLE`;
CREATE TABLE `ACT_RU_VARIABLE` (
  `ID_` varchar(64) COLLATE utf8_bin NOT NULL,
  `REV_` int(11) DEFAULT NULL,
  `TYPE_` varchar(255) COLLATE utf8_bin NOT NULL,
  `NAME_` varchar(255) COLLATE utf8_bin NOT NULL,
  `EXECUTION_ID_` varchar(64) COLLATE utf8_bin DEFAULT NULL,
  `PROC_INST_ID_` varchar(64) COLLATE utf8_bin DEFAULT NULL,
  `TASK_ID_` varchar(64) COLLATE utf8_bin DEFAULT NULL,
  `BYTEARRAY_ID_` varchar(64) COLLATE utf8_bin DEFAULT NULL,
  `DOUBLE_` double DEFAULT NULL,
  `LONG_` bigint(20) DEFAULT NULL,
  `TEXT_` varchar(4000) COLLATE utf8_bin DEFAULT NULL,
  `TEXT2_` varchar(4000) COLLATE utf8_bin DEFAULT NULL,
  PRIMARY KEY (`ID_`),
  KEY `ACT_IDX_VARIABLE_TASK_ID` (`TASK_ID_`),
  KEY `ACT_FK_VAR_EXE` (`EXECUTION_ID_`),
  KEY `ACT_FK_VAR_PROCINST` (`PROC_INST_ID_`),
  KEY `ACT_FK_VAR_BYTEARRAY` (`BYTEARRAY_ID_`),
  CONSTRAINT `ACT_FK_VAR_BYTEARRAY` FOREIGN KEY (`BYTEARRAY_ID_`) REFERENCES `ACT_GE_BYTEARRAY` (`ID_`),
  CONSTRAINT `ACT_FK_VAR_EXE` FOREIGN KEY (`EXECUTION_ID_`) REFERENCES `ACT_RU_EXECUTION` (`ID_`),
  CONSTRAINT `ACT_FK_VAR_PROCINST` FOREIGN KEY (`PROC_INST_ID_`) REFERENCES `ACT_RU_EXECUTION` (`ID_`)
) ENGINE=InnoDB DEFAULT CHARSET=utf8 COLLATE=utf8_bin;

-- ----------------------------
-- Table structure for lxt_chat_friend
-- ----------------------------
DROP TABLE IF EXISTS `lxt_chat_friend`;
CREATE TABLE `lxt_chat_friend` (
  `ID` varchar(32) NOT NULL DEFAULT '',
  `USER_ID` varchar(32) DEFAULT NULL,
  `FRIEND_ID` varchar(32) DEFAULT NULL,
  `FRIEND_CATEGORY_ID` varchar(255) DEFAULT NULL,
  `MEMO` varchar(64) DEFAULT NULL,
  `INSERT_TIME` datetime DEFAULT NULL,
  `UPDATE_TIME` datetime DEFAULT NULL,
  `SORT_SEQ` int(255) DEFAULT NULL,
  PRIMARY KEY (`ID`) USING BTREE
) ENGINE=InnoDB DEFAULT CHARSET=utf8;

-- ----------------------------
-- Records of lxt_chat_friend
-- ----------------------------
BEGIN;
INSERT INTO `lxt_chat_friend` VALUES ('1', 'admin', 'xiaoting', '1', '肖太郎', NULL, NULL, 1);
INSERT INTO `lxt_chat_friend` VALUES ('2', 'admin', 'admin', '2', '管理员', NULL, NULL, NULL);
INSERT INTO `lxt_chat_friend` VALUES ('3', 'xiaoting', 'admin', '3', '管理员', NULL, NULL, NULL);
INSERT INTO `lxt_chat_friend` VALUES ('4', 'xiaoting', 'admin', '11', '管理员', NULL, NULL, NULL);
COMMIT;

-- ----------------------------
-- Table structure for lxt_chat_friend_category
-- ----------------------------
DROP TABLE IF EXISTS `lxt_chat_friend_category`;
CREATE TABLE `lxt_chat_friend_category` (
  `FRIEND_CATEGORY_ID` varchar(32) NOT NULL,
  `USER_ID` varchar(32) DEFAULT NULL,
  `NAME` varchar(64) DEFAULT NULL,
  `SORT_SEQ` int(255) DEFAULT NULL,
  `INSERT_TIME` datetime DEFAULT NULL,
  `UPDATE_TIME` datetime DEFAULT NULL,
  PRIMARY KEY (`FRIEND_CATEGORY_ID`) USING BTREE
) ENGINE=InnoDB DEFAULT CHARSET=utf8;

-- ----------------------------
-- Records of lxt_chat_friend_category
-- ----------------------------
BEGIN;
INSERT INTO `lxt_chat_friend_category` VALUES ('1', 'admin', 'forever love', 1, NULL, NULL);
INSERT INTO `lxt_chat_friend_category` VALUES ('11', 'admin', 'system', 1, NULL, NULL);
INSERT INTO `lxt_chat_friend_category` VALUES ('2', 'admin', 'self', 2, NULL, NULL);
INSERT INTO `lxt_chat_friend_category` VALUES ('3', 'xiaoting', '唯一', 1, NULL, NULL);
COMMIT;

-- ----------------------------
-- Table structure for lxt_chat_group
-- ----------------------------
DROP TABLE IF EXISTS `lxt_chat_group`;
CREATE TABLE `lxt_chat_group` (
  `GROUP_ID` varchar(11) NOT NULL,
  `USER_ID` varchar(32) DEFAULT NULL,
  `GROUP_NAME` varchar(64) DEFAULT NULL,
  `SORT_SEQ` int(255) DEFAULT NULL,
  `INSERT_TIME` datetime DEFAULT NULL,
  `UPDATE_TIME` datetime DEFAULT NULL,
  PRIMARY KEY (`GROUP_ID`) USING BTREE
) ENGINE=InnoDB DEFAULT CHARSET=utf8;

-- ----------------------------
-- Records of lxt_chat_group
-- ----------------------------
BEGIN;
INSERT INTO `lxt_chat_group` VALUES ('0', '0', '未分组', 99999, NULL, NULL);
COMMIT;

-- ----------------------------
-- Table structure for lxt_chat_group_user
-- ----------------------------
DROP TABLE IF EXISTS `lxt_chat_group_user`;
CREATE TABLE `lxt_chat_group_user` (
  `GROUP_ID` varchar(32) NOT NULL,
  `USER_ID` varchar(32) NOT NULL,
  PRIMARY KEY (`GROUP_ID`,`USER_ID`) USING BTREE
) ENGINE=InnoDB DEFAULT CHARSET=utf8;

-- ----------------------------
-- Table structure for lxt_chat_record
-- ----------------------------
DROP TABLE IF EXISTS `lxt_chat_record`;
CREATE TABLE `lxt_chat_record` (
  `RECORD_ID` varchar(255) NOT NULL,
  `SEND_ID` varchar(32) DEFAULT NULL,
  `RECEIVE_ID` varchar(32) DEFAULT NULL,
  `MSG_TYPE` int(255) DEFAULT NULL,
  `CONTENT` varchar(1024) DEFAULT NULL,
  `INSERT_TIME` datetime DEFAULT NULL,
  PRIMARY KEY (`RECORD_ID`) USING BTREE,
  KEY `FK_chatrecord_user` (`SEND_ID`) USING BTREE
) ENGINE=InnoDB DEFAULT CHARSET=utf8;

-- ----------------------------
-- Records of lxt_chat_record
-- ----------------------------
BEGIN;
INSERT INTO `lxt_chat_record` VALUES ('103F2636D72D4E66ACFBAF325B735719', 'admin', 'xiaoting', 0, 'app上面测试的，也能发消息，就是头像地址有问题，不过都是小意思', '2017-10-20 16:08:46');
INSERT INTO `lxt_chat_record` VALUES ('1148751FF3034F0D9BEE932B503413DA', 'xiaoting', 'admin', 0, '好像可以了', '2017-10-20 15:33:48');
INSERT INTO `lxt_chat_record` VALUES ('17EF37A5EB524C2F809DAAE90069ABE4', 'xiaoting', 'admin', 0, '哦', '2017-10-20 16:08:04');
INSERT INTO `lxt_chat_record` VALUES ('2241ED74BBD44DB4B7F3A820F2FB476B', 'admin', 'chenjia', 0, '<p>fwfwe</p>', '2019-03-21 22:17:29');
INSERT INTO `lxt_chat_record` VALUES ('2C0EF39CF7764343B2D9CA61D569572B', 'admin', 'admin', 0, '自己测试着玩', '2017-10-20 15:26:00');
INSERT INTO `lxt_chat_record` VALUES ('36100F17FE8F4FA98C3A805F6927ED8D', 'admin', 'xiaoting', 0, 'aaaa', '2017-10-20 14:24:47');
INSERT INTO `lxt_chat_record` VALUES ('3E5021E30C4A4166A5F9B47F231955FD', 'admin', 'xiaoting', 0, '今天先测试到这里，后面再做表情和图片', '2017-10-20 15:21:54');
INSERT INTO `lxt_chat_record` VALUES ('44034CE60969490FA25E96A0047F6426', 'admin', 'chenjia', 0, '<p><img src=\"./static/lib/ueditor/dialogs/emotion/images/jx2/j_0024.gif\"/></p>', '2019-03-21 22:17:54');
INSERT INTO `lxt_chat_record` VALUES ('477833678A9343C59A9A2E61A757CC22', 'admin', 'chenjia', 0, '<p>few</p>', '2019-03-21 15:48:11');
INSERT INTO `lxt_chat_record` VALUES ('483A152808B9427192281B914898E59E', 'admin', 'xiaoting', 0, 'vhjhffcc', '2017-12-13 18:30:16');
INSERT INTO `lxt_chat_record` VALUES ('4C39C1DDB53E4BBAB140B0286DBCF0CE', 'admin', 'xiaoting', 0, '今天星期五了，月底项目要上线，是喜是忧呢', '2017-10-20 15:35:30');
INSERT INTO `lxt_chat_record` VALUES ('511030A7D601436A80D504C3A554EA7A', 'admin', 'xiaoting', 0, '小样，还整不了你了', '2017-10-20 15:20:37');
INSERT INTO `lxt_chat_record` VALUES ('57015BB866254E40B7031DE13BE8D37C', 'admin', 'xiaoting', 0, 'cvbbvvvvv', '2017-12-13 18:30:22');
INSERT INTO `lxt_chat_record` VALUES ('69E1D5E29EE743C591C6F9E5BD95A484', 'xiaoting', 'admin', 0, '好好做  其他是事情别多想', '2017-10-20 15:40:17');
INSERT INTO `lxt_chat_record` VALUES ('6A6D57659C8E4DB3BDE0E04A051B95E6', 'admin', 'admin', 0, '<p>dew</p>', '2019-03-22 00:21:54');
INSERT INTO `lxt_chat_record` VALUES ('6B94CBD5691B40A3B1E7E7A2B7E99194', 'xiaoting', 'admin', 0, '图片支持不好做，需要用到ueditor插件，手机上面兼容性不是很好', '2017-10-20 15:25:03');
INSERT INTO `lxt_chat_record` VALUES ('8956C2C2351B41D599EDBB978CF337DA', 'admin', 'xiaoting', 0, '嘿嘿', '2017-10-20 15:33:38');
INSERT INTO `lxt_chat_record` VALUES ('8C155C9BB0AC4F1E8377CE805C475855', 'xiaoting', 'admin', 0, 'bbbb', '2017-10-20 15:17:31');
INSERT INTO `lxt_chat_record` VALUES ('8F915BCE17BE4B75BF5E43ABA9C50973', 'xiaoting', 'admin', 0, '88888888888888888888888888888888888', '2017-10-20 15:18:31');
INSERT INTO `lxt_chat_record` VALUES ('921724DC28DD4015A91A71D24CA093E7', 'admin', 'xiaoting', 0, '能收到吗', '2017-10-20 15:17:58');
INSERT INTO `lxt_chat_record` VALUES ('93A719EDF6584460BE9B1E5A69E98B28', 'admin', 'xiaoting', 0, '可能需要自己定UI', '2017-10-20 15:25:23');
INSERT INTO `lxt_chat_record` VALUES ('A4A67C8F3C9F46AABAECFF544C350426', 'xiaoting', 'admin', 0, 'bbbbb', '2017-12-13 18:30:11');
INSERT INTO `lxt_chat_record` VALUES ('A911B1B050014F10AD46F3F3DCA9D8EE', 'xiaoting', 'admin', 0, '调试了半天，总算发出去了，我日', '2017-10-20 15:18:17');
INSERT INTO `lxt_chat_record` VALUES ('B85F940ACDF840F9955083E4FE3D39BD', 'xiaoting', 'admin', 0, '消息发送速度还挺快的，达到了毫秒级', '2017-10-20 15:20:59');
INSERT INTO `lxt_chat_record` VALUES ('C5589EF8B9F3451D899CEB74F16FF385', 'xiaoting', 'admin', 0, 'aaa', '2017-12-13 18:29:48');
INSERT INTO `lxt_chat_record` VALUES ('C5A16C8B67644B87B6F57D9524A4D227', 'admin', 'chenjia', 0, '<p>ew</p>', '2019-03-22 00:21:59');
INSERT INTO `lxt_chat_record` VALUES ('DE2E3B0CD40C49549CF3B801250D5E7B', 'admin', 'xiaoting', 0, 'hhffbbvf', '2017-12-13 18:30:05');
COMMIT;

-- ----------------------------
-- Table structure for lxt_department
-- ----------------------------
DROP TABLE IF EXISTS `lxt_department`;
CREATE TABLE `lxt_department` (
  `DEPT_ID` varchar(32) NOT NULL,
  `DEPT_NAME` varchar(64) DEFAULT NULL,
  `DEPT_CODE` varchar(32) DEFAULT NULL,
  `PARENT_ID` varchar(32) DEFAULT NULL,
  `LAST_UPDATE_TIME` datetime DEFAULT NULL,
  `LAST_UPDATE_USER` varchar(32) DEFAULT NULL,
  `DEPT_MANAGER` varchar(32) DEFAULT NULL,
  `DEPT_ORDER` int(11) DEFAULT NULL,
  `ORG_ID` varchar(32) DEFAULT NULL,
  `PHONE` varchar(32) DEFAULT NULL,
  `MOBILE` varchar(32) DEFAULT NULL,
  `FAX` varchar(64) DEFAULT NULL,
  `QQ` varchar(32) DEFAULT NULL,
  `EMAIL` varchar(64) DEFAULT NULL,
  `DEPT_MEMO` varchar(1024) DEFAULT NULL,
  PRIMARY KEY (`DEPT_ID`) USING BTREE,
  KEY `FK_DEPARMENT` (`PARENT_ID`) USING BTREE
) ENGINE=InnoDB DEFAULT CHARSET=utf8 COMMENT='部门表';

-- ----------------------------
-- Records of lxt_department
-- ----------------------------
BEGIN;
INSERT INTO `lxt_department` VALUES ('1', '财务部', 'CWB', NULL, '2013-07-23 18:44:53', '1', '1', 1, '1', '123', '321', '1321', '3214214', '43214@21fds.com', 'fwsfewfewfw');
INSERT INTO `lxt_department` VALUES ('2', '人事部', 'RSB', NULL, '2013-08-23 18:45:45', '1', '1', 5, '2', '423423', '2141', '11fdwf', '432432', 'fdwfw@fewf.com', 'fwegfwegwe');
INSERT INTO `lxt_department` VALUES ('3', '采购部', 'CGB', NULL, '2013-07-31 11:15:23', '1', '1', 1, '1', '213', '2132', '132', '132', '1321312@edwq.com', 'fewfgwgwgfw');
INSERT INTO `lxt_department` VALUES ('4', '应用系统一部', 'APP', NULL, '2013-07-09 11:16:30', '1', '1', 1, '1', '123', '12', '312', '3213', '13fdsf@ffwef.com', 'hbregrwege');
INSERT INTO `lxt_department` VALUES ('5', '电子商务部', 'ES', NULL, '2013-07-10 11:19:20', '1', '1', 1, '1', '132', '1321', '321', '321', '321321fe@fwef.com', 'gehregfew');
COMMIT;

-- ----------------------------
-- Table structure for lxt_dictionary
-- ----------------------------
DROP TABLE IF EXISTS `lxt_dictionary`;
CREATE TABLE `lxt_dictionary` (
  `ID` int(11) NOT NULL AUTO_INCREMENT,
  `VALUE` int(11) DEFAULT '0',
  `TEXT` varchar(255) DEFAULT NULL,
  `TYPE` varchar(255) DEFAULT '',
  `CODE` varchar(255) DEFAULT NULL,
  PRIMARY KEY (`ID`) USING BTREE
) ENGINE=InnoDB AUTO_INCREMENT=22 DEFAULT CHARSET=utf8;

-- ----------------------------
-- Records of lxt_dictionary
-- ----------------------------
BEGIN;
INSERT INTO `lxt_dictionary` VALUES (4, 0, '关闭', 'COMMON', 'CLOSED');
INSERT INTO `lxt_dictionary` VALUES (5, 1, '开启', 'COMMON', 'OPEN');
INSERT INTO `lxt_dictionary` VALUES (6, 0, '未发布', 'PROCESS', 'UNPUBLISH');
INSERT INTO `lxt_dictionary` VALUES (7, 1, '已发布', 'PROCESS', 'PUBLISHED');
INSERT INTO `lxt_dictionary` VALUES (8, -1, '未知', 'SEX', 'UNKNOW');
INSERT INTO `lxt_dictionary` VALUES (9, 0, '女', 'SEX', 'FEMALE');
INSERT INTO `lxt_dictionary` VALUES (10, 1, '男', 'SEX', 'MALE');
INSERT INTO `lxt_dictionary` VALUES (11, 1, '激活', 'COMMON', 'ACTIVE');
INSERT INTO `lxt_dictionary` VALUES (12, 0, '禁用', 'COMMON', 'FORBIDDEN');
INSERT INTO `lxt_dictionary` VALUES (13, 0, '未修改', 'PWDSTATUS', 'UNCHANGE');
INSERT INTO `lxt_dictionary` VALUES (14, 1, '已修改', 'PWDSTATUS', 'CHANGED');
INSERT INTO `lxt_dictionary` VALUES (15, 0, '未设置', 'QUESTION', 'UNSET');
INSERT INTO `lxt_dictionary` VALUES (16, 1, '已设置', 'QUESTION', 'SET');
INSERT INTO `lxt_dictionary` VALUES (17, 0, '不允许退回', 'SENDBACK', 'FORBIDDEN');
INSERT INTO `lxt_dictionary` VALUES (18, 1, '退回至来源', 'SENDBACK', 'SOURCE');
INSERT INTO `lxt_dictionary` VALUES (19, 2, '退回至上一节点', 'SENDBACK', 'PREVIOUS');
INSERT INTO `lxt_dictionary` VALUES (20, 3, '退回历史节点', 'SENDBACK', 'HISTORY');
INSERT INTO `lxt_dictionary` VALUES (21, 4, '退回至指定节点', 'SENDBACK', 'ASSIGNED');
COMMIT;

-- ----------------------------
-- Table structure for lxt_dictionary_type
-- ----------------------------
DROP TABLE IF EXISTS `lxt_dictionary_type`;
CREATE TABLE `lxt_dictionary_type` (
  `TYPE` int(11) NOT NULL DEFAULT '0',
  `NAME` varchar(32) DEFAULT NULL,
  PRIMARY KEY (`TYPE`) USING BTREE
) ENGINE=InnoDB DEFAULT CHARSET=utf8;

-- ----------------------------
-- Records of lxt_dictionary_type
-- ----------------------------
BEGIN;
INSERT INTO `lxt_dictionary_type` VALUES (0, 'COMMON');
INSERT INTO `lxt_dictionary_type` VALUES (1, NULL);
COMMIT;

-- ----------------------------
-- Table structure for lxt_feedback
-- ----------------------------
DROP TABLE IF EXISTS `lxt_feedback`;
CREATE TABLE `lxt_feedback` (
  `ID` varchar(32) NOT NULL DEFAULT '',
  `CATEGORY` varchar(32) DEFAULT NULL,
  `PLATFORM` varchar(32) DEFAULT NULL,
  `TITLE` varchar(64) DEFAULT NULL,
  `CONTENT` varchar(2000) DEFAULT NULL,
  `INSERT_TIME` datetime DEFAULT NULL,
  `UPDATE_TIME` datetime DEFAULT NULL,
  `USER_ID` varchar(32) DEFAULT NULL,
  `STATUS` int(11) DEFAULT NULL,
  PRIMARY KEY (`ID`) USING BTREE
) ENGINE=InnoDB DEFAULT CHARSET=utf8;

-- ----------------------------
-- Table structure for lxt_feedback_reply
-- ----------------------------
DROP TABLE IF EXISTS `lxt_feedback_reply`;
CREATE TABLE `lxt_feedback_reply` (
  `ID` varchar(32) NOT NULL DEFAULT '',
  `FEEDBACK_ID` varchar(32) DEFAULT NULL,
  `CONTENT` varchar(2000) DEFAULT NULL,
  `INSERT_TIME` datetime DEFAULT NULL,
  `USER_ID` varchar(32) DEFAULT NULL,
  `STATUS` varchar(32) DEFAULT NULL,
  PRIMARY KEY (`ID`) USING BTREE
) ENGINE=InnoDB DEFAULT CHARSET=utf8;

-- ----------------------------
-- Table structure for lxt_menu
-- ----------------------------
DROP TABLE IF EXISTS `lxt_menu`;
CREATE TABLE `lxt_menu` (
  `MENU_ID` varchar(32) NOT NULL,
  `NAME` varchar(64) DEFAULT NULL,
  `STATUS` int(11) DEFAULT '0',
  `USER_ID` varchar(32) DEFAULT NULL,
  `INSERT_TIME` datetime DEFAULT NULL,
  `UPDATE_TIME` datetime DEFAULT NULL,
  `URL` varchar(255) DEFAULT NULL,
  PRIMARY KEY (`MENU_ID`) USING BTREE
) ENGINE=InnoDB DEFAULT CHARSET=utf8 COMMENT='用户表';

-- ----------------------------
-- Records of lxt_menu
-- ----------------------------
BEGIN;
INSERT INTO `lxt_menu` VALUES ('admin', 'admin', 1, NULL, '2013-08-30 10:58:15', NULL, NULL);
INSERT INTO `lxt_menu` VALUES ('chenjia', 'chenjia', 1, NULL, '2013-07-21 10:52:05', NULL, NULL);
INSERT INTO `lxt_menu` VALUES ('xiaoting', 'xiaoting', 1, NULL, '2013-07-21 20:30:28', NULL, NULL);
COMMIT;

-- ----------------------------
-- Table structure for lxt_node
-- ----------------------------
DROP TABLE IF EXISTS `lxt_node`;
CREATE TABLE `lxt_node` (
  `NODE_ID` varchar(32) NOT NULL,
  `CELL_ID` varchar(32) DEFAULT NULL,
  `PROCESS_ID` varchar(32) DEFAULT NULL,
  `LABEL` varchar(64) DEFAULT NULL,
  `FORM` varchar(32) DEFAULT NULL,
  `ASSIGNER_TYPE` int(11) DEFAULT NULL,
  `ASSIGNER_VALUE` varchar(255) DEFAULT NULL,
  `MEMO` varchar(1024) DEFAULT NULL,
  `NODE_TYPE` varchar(32) DEFAULT NULL,
  `NODE_XML` text,
  PRIMARY KEY (`NODE_ID`) USING BTREE,
  KEY `FK_Reference_4` (`PROCESS_ID`) USING BTREE
) ENGINE=InnoDB DEFAULT CHARSET=utf8 COMMENT='流程节点表';

-- ----------------------------
-- Records of lxt_node
-- ----------------------------
BEGIN;
INSERT INTO `lxt_node` VALUES ('3ED160797B5C4F31B31948DF2BD68BB5', '5', '7B2E0C2349E9469A98A5F55EE0C9D65C', '任务3', '', 0, '', NULL, 'task', NULL);
INSERT INTO `lxt_node` VALUES ('5B864747ADC64F228ED1F06594854111', '4', '7B2E0C2349E9469A98A5F55EE0C9D65C', '任务2', '', 0, '', NULL, 'task', NULL);
INSERT INTO `lxt_node` VALUES ('A39D2A6C6ACE496FA51FE8BBE5FDBEFD', '3', '7B2E0C2349E9469A98A5F55EE0C9D65C', '任务1', '', 0, '', NULL, 'task', NULL);
INSERT INTO `lxt_node` VALUES ('CC11F9F17C41466DB2386C1B18AB2D24', '2', '7B2E0C2349E9469A98A5F55EE0C9D65C', '开始', NULL, NULL, NULL, NULL, 'start', NULL);
INSERT INTO `lxt_node` VALUES ('E4D0A3E3A8534B95ACE509A93650F6AE', '6', '7B2E0C2349E9469A98A5F55EE0C9D65C', '结束', NULL, NULL, NULL, NULL, 'end', NULL);
COMMIT;

-- ----------------------------
-- Table structure for lxt_organization
-- ----------------------------
DROP TABLE IF EXISTS `lxt_organization`;
CREATE TABLE `lxt_organization` (
  `ORG_ID` varchar(32) NOT NULL,
  `ORG_NAME` varchar(64) DEFAULT NULL,
  `ORG_CODE` varchar(64) DEFAULT NULL,
  `PARENT_ID` varchar(32) DEFAULT NULL,
  `LAST_UPDATE_TIME` datetime DEFAULT NULL,
  `LAST_UPDATE_USER` varchar(32) DEFAULT NULL,
  `ORG_MANAGER` varchar(32) DEFAULT NULL,
  `ORG_ORDER` int(11) DEFAULT NULL,
  `ORG_LEVEL` int(11) DEFAULT NULL,
  `ORG_PATH` varchar(255) DEFAULT NULL,
  `ORG_MEMO` varchar(1024) DEFAULT NULL,
  PRIMARY KEY (`ORG_ID`) USING BTREE,
  KEY `FK_ORGANIZATION` (`PARENT_ID`) USING BTREE
) ENGINE=InnoDB DEFAULT CHARSET=utf8 COMMENT='机构表';

-- ----------------------------
-- Records of lxt_organization
-- ----------------------------
BEGIN;
INSERT INTO `lxt_organization` VALUES ('1', '总公司', '1', '0', '2015-01-17 17:55:36', NULL, NULL, NULL, NULL, NULL, NULL);
INSERT INTO `lxt_organization` VALUES ('101', '上海分公司', '101', '1', NULL, NULL, NULL, NULL, NULL, NULL, NULL);
INSERT INTO `lxt_organization` VALUES ('10101', '浦东新区', '10101', '101', NULL, NULL, NULL, NULL, NULL, NULL, NULL);
INSERT INTO `lxt_organization` VALUES ('10102', '徐汇区', '10102', '101', NULL, NULL, NULL, NULL, NULL, NULL, NULL);
INSERT INTO `lxt_organization` VALUES ('102', '北京分公司', '102', '1', NULL, NULL, NULL, NULL, NULL, NULL, NULL);
INSERT INTO `lxt_organization` VALUES ('10201', '朝阳区', '10201', '102', NULL, NULL, NULL, NULL, NULL, NULL, NULL);
INSERT INTO `lxt_organization` VALUES ('115', '湖南分公司', '115', '1', NULL, NULL, NULL, NULL, NULL, NULL, NULL);
INSERT INTO `lxt_organization` VALUES ('11501', '长沙', '11501', '115', NULL, NULL, NULL, NULL, NULL, NULL, NULL);
INSERT INTO `lxt_organization` VALUES ('11502', '株洲', '11502', '115', NULL, NULL, NULL, NULL, NULL, NULL, NULL);
COMMIT;

-- ----------------------------
-- Table structure for lxt_page
-- ----------------------------
DROP TABLE IF EXISTS `lxt_page`;
CREATE TABLE `lxt_page` (
  `ID` varchar(32) NOT NULL DEFAULT '',
  `CATEGORY` varchar(32) DEFAULT NULL,
  `PLATFORM` varchar(32) DEFAULT NULL,
  `NAME` varchar(64) DEFAULT NULL,
  `MEMO` varchar(255) DEFAULT NULL,
  `STATUS` int(11) DEFAULT NULL,
  `INSERT_TIME` datetime DEFAULT NULL,
  `UPDATE_TIME` datetime DEFAULT NULL,
  `USER_ID` varchar(32) DEFAULT NULL,
  `URL` varchar(255) DEFAULT NULL,
  PRIMARY KEY (`ID`) USING BTREE
) ENGINE=InnoDB DEFAULT CHARSET=utf8;

-- ----------------------------
-- Records of lxt_page
-- ----------------------------
BEGIN;
INSERT INTO `lxt_page` VALUES ('ef223f232', '分类一', 'PC', 'aaa', 'sss', 1, '2019-02-26 10:32:48', '2019-02-26 10:32:53', '', 'www.baidu.com');
COMMIT;

-- ----------------------------
-- Table structure for lxt_page_component
-- ----------------------------
DROP TABLE IF EXISTS `lxt_page_component`;
CREATE TABLE `lxt_page_component` (
  `ID` varchar(32) NOT NULL DEFAULT '',
  `DYNAMIC_ID` varchar(32) DEFAULT NULL,
  `LABEL` varchar(32) DEFAULT NULL,
  `COMPONENT` varchar(32) DEFAULT NULL,
  `MEMO` varchar(255) DEFAULT NULL,
  `INSERT_TIME` datetime DEFAULT NULL,
  `UPDATE_TIME` datetime DEFAULT NULL,
  `USER_ID` varchar(32) DEFAULT NULL,
  `MSG` varchar(255) DEFAULT NULL,
  `REGEX` varchar(255) DEFAULT NULL,
  `REQUIRED` varchar(0) DEFAULT NULL,
  `MIN_LENGTH` int(11) DEFAULT NULL,
  `MAX_LENGTH` int(11) DEFAULT NULL,
  `DEFAULT_VALUE` varchar(255) DEFAULT NULL,
  `PRIORITY` int(11) DEFAULT NULL,
  `WIDTH` int(11) DEFAULT NULL,
  `HEIGHT` int(11) DEFAULT NULL,
  `CONFIG` varchar(2000) DEFAULT NULL,
  PRIMARY KEY (`ID`) USING BTREE
) ENGINE=InnoDB DEFAULT CHARSET=utf8;

-- ----------------------------
-- Table structure for lxt_process
-- ----------------------------
DROP TABLE IF EXISTS `lxt_process`;
CREATE TABLE `lxt_process` (
  `PROCESS_ID` varchar(32) NOT NULL,
  `PROCESS_CATEGORY_ID` varchar(32) DEFAULT NULL,
  `NAME` varchar(64) DEFAULT NULL,
  `PROCESS_KEY` varchar(32) DEFAULT NULL,
  `VERSION_NO` varchar(32) DEFAULT NULL,
  `MEMO` varchar(1024) DEFAULT NULL,
  `GRAPH_XML` text,
  `BPMN_XML` text,
  `STATUS` int(11) DEFAULT NULL,
  `PUBLISH_STATUS` int(11) DEFAULT NULL,
  `PUBLISH_TIME` datetime DEFAULT NULL,
  `INSERT_USER_ID` varchar(32) DEFAULT NULL,
  `INSERT_TIME` datetime DEFAULT NULL,
  `UPDATE_USER_ID` varchar(32) DEFAULT NULL,
  `UPDATE_TIME` datetime DEFAULT NULL,
  `DEPLOYE_ID` varchar(32) DEFAULT NULL,
  PRIMARY KEY (`PROCESS_ID`) USING BTREE,
  KEY `FK_WORKFLOW_CATEGORY_ID` (`PROCESS_CATEGORY_ID`) USING BTREE
) ENGINE=InnoDB DEFAULT CHARSET=utf8 COMMENT='流程主表';

-- ----------------------------
-- Records of lxt_process
-- ----------------------------
BEGIN;
INSERT INTO `lxt_process` VALUES ('7B2E0C2349E9469A98A5F55EE0C9D65C', NULL, '新建流程2', '流程标识2', '1.0', '', '<mxGraphModel>\n  <root>\n    <Workflow label=\"新建流程2\" nodeType=\"workflow\" workflowId=\"7B2E0C2349E9469A98A5F55EE0C9D65C\" workflowKey=\"流程标识2\" version=\"1.0\" status=\"1\" memo=\"\" id=\"0\">\n      <mxCell/>\n      <manual>0</manual>\n      <launchType>0</launchType>\n    </Workflow>\n    <Layer id=\"1\" label=\"Default Layer\">\n      <mxCell parent=\"0\"/>\n    </Layer>\n    <Start id=\"2\" label=\"开始\" nodeId=\"CC11F9F17C41466DB2386C1B18AB2D24\" nodeType=\"start\" isSymbol=\"true\">\n      <mxCell style=\"start\" vertex=\"1\" parent=\"1\">\n        <mxGeometry x=\"38.0\" y=\"56.0\" width=\"48.0\" height=\"48.0\" as=\"geometry\"/>\n      </mxCell>\n    </Start>\n    <Task id=\"3\" label=\"任务1\" nodeId=\"A39D2A6C6ACE496FA51FE8BBE5FDBEFD\" nodeType=\"task\" form=\"\" assignerType=\"0\" assignerValue=\"\">\n      <mxCell style=\"task\" vertex=\"1\" parent=\"1\">\n        <mxGeometry x=\"205.0\" y=\"70.0\" width=\"96.0\" height=\"50.0\" as=\"geometry\"/>\n      </mxCell>\n      <isTakeback>0</isTakeback>\n      <isDelegate>0</isDelegate>\n      <isSendback>0</isSendback>\n      <isCheck>0</isCheck>\n      <isUpload>0</isUpload>\n      <isAdvice>0</isAdvice>\n    </Task>\n    <Task id=\"4\" label=\"任务2\" nodeId=\"5B864747ADC64F228ED1F06594854111\" nodeType=\"task\" form=\"\" assignerType=\"0\" assignerValue=\"\">\n      <mxCell style=\"task\" vertex=\"1\" parent=\"1\">\n        <mxGeometry x=\"409.0\" y=\"90.0\" width=\"96.0\" height=\"50.0\" as=\"geometry\"/>\n      </mxCell>\n      <isTakeback>0</isTakeback>\n      <isDelegate>0</isDelegate>\n      <isSendback>0</isSendback>\n      <isCheck>0</isCheck>\n      <isUpload>0</isUpload>\n      <isAdvice>0</isAdvice>\n    </Task>\n    <Task id=\"5\" label=\"任务3\" nodeId=\"3ED160797B5C4F31B31948DF2BD68BB5\" nodeType=\"task\" form=\"\" assignerType=\"0\" assignerValue=\"\">\n      <mxCell style=\"task\" vertex=\"1\" parent=\"1\">\n        <mxGeometry x=\"744.0\" y=\"98.0\" width=\"96.0\" height=\"50.0\" as=\"geometry\"/>\n      </mxCell>\n      <isTakeback>0</isTakeback>\n      <isDelegate>0</isDelegate>\n      <isSendback>0</isSendback>\n      <isCheck>0</isCheck>\n      <isUpload>0</isUpload>\n      <isAdvice>0</isAdvice>\n    </Task>\n    <End id=\"6\" label=\"结束\" nodeId=\"E4D0A3E3A8534B95ACE509A93650F6AE\" nodeType=\"end\" isSymbol=\"true\">\n      <mxCell style=\"end\" vertex=\"1\" parent=\"1\">\n        <mxGeometry x=\"975.0\" y=\"101.0\" width=\"48.0\" height=\"48.0\" as=\"geometry\"/>\n      </mxCell>\n    </End>\n    <Edge label=\"to 任务1\" description=\"\" id=\"7\">\n      <mxCell parent=\"1\" edge=\"1\" source=\"2\" target=\"3\">\n        <mxGeometry as=\"geometry\" relative=\"1\"/>\n      </mxCell>\n    </Edge>\n    <Edge label=\"to 任务2\" description=\"\" id=\"8\">\n      <mxCell parent=\"1\" edge=\"1\" source=\"3\" target=\"4\">\n        <mxGeometry as=\"geometry\" relative=\"1\"/>\n      </mxCell>\n    </Edge>\n    <Edge label=\"to 任务3\" description=\"\" id=\"9\">\n      <mxCell parent=\"1\" edge=\"1\" source=\"4\" target=\"5\">\n        <mxGeometry as=\"geometry\" relative=\"1\"/>\n      </mxCell>\n    </Edge>\n    <Edge label=\"to 结束\" description=\"\" id=\"10\">\n      <mxCell parent=\"1\" edge=\"1\" source=\"5\" target=\"6\">\n        <mxGeometry as=\"geometry\" relative=\"1\"/>\n      </mxCell>\n    </Edge>\n  </root>\n</mxGraphModel>', '<definitions targetNamespace=\"http://activiti.org/bpmn20\" xmlns:activiti=\"http://activiti.org/bpmn\" xmlns=\"http://www.omg.org/spec/BPMN/20100524/MODEL\">\n  <process id=\"流程标识2\" name=\"流程标识2\">\n    <startEvent id=\"_2\" name=\"开始\"/>\n    <userTask id=\"_3\" name=\"任务1\">\n      <extensionElements>\n        <activiti:taskListener event=\"create\" class=\"com.lxt.ms.workflow.bpmn.listener.MyAssignmentHandler\"/>\n      </extensionElements>\n    </userTask>\n    <userTask id=\"_4\" name=\"任务2\">\n      <extensionElements>\n        <activiti:taskListener event=\"create\" class=\"com.lxt.ms.workflow.bpmn.listener.MyAssignmentHandler\"/>\n      </extensionElements>\n    </userTask>\n    <userTask id=\"_5\" name=\"任务3\">\n      <extensionElements>\n        <activiti:taskListener event=\"create\" class=\"com.lxt.ms.workflow.bpmn.listener.MyAssignmentHandler\"/>\n      </extensionElements>\n    </userTask>\n    <endEvent id=\"_6\" name=\"结束\"/>\n    <sequenceFlow id=\"_2-3\" sourceRef=\"_2\" targetRef=\"_3\"/>\n    <sequenceFlow id=\"_3-4\" sourceRef=\"_3\" targetRef=\"_4\"/>\n    <sequenceFlow id=\"_4-5\" sourceRef=\"_4\" targetRef=\"_5\"/>\n    <sequenceFlow id=\"_5-6\" sourceRef=\"_5\" targetRef=\"_6\"/>\n  </process>\n</definitions>', 1, 0, NULL, NULL, '2019-02-02 16:38:36', NULL, '2019-03-09 18:06:17', '82501');
COMMIT;

-- ----------------------------
-- Table structure for lxt_process_category
-- ----------------------------
DROP TABLE IF EXISTS `lxt_process_category`;
CREATE TABLE `lxt_process_category` (
  `ID` varchar(32) NOT NULL,
  `PARENT_ID` varchar(32) DEFAULT NULL,
  `NAME` varchar(64) DEFAULT NULL,
  `MEMO` varchar(1024) DEFAULT NULL,
  PRIMARY KEY (`ID`) USING BTREE
) ENGINE=InnoDB DEFAULT CHARSET=utf8 COMMENT='流程分类表';

-- ----------------------------
-- Table structure for lxt_regex
-- ----------------------------
DROP TABLE IF EXISTS `lxt_regex`;
CREATE TABLE `lxt_regex` (
  `ID` varchar(32) NOT NULL DEFAULT '',
  `CATEGORY` varchar(32) DEFAULT NULL,
  `NAME` varchar(64) DEFAULT NULL,
  `MEMO` varchar(255) DEFAULT NULL,
  `INSERT_TIME` datetime DEFAULT NULL,
  `UPDATE_TIME` datetime DEFAULT NULL,
  `USER_ID` varchar(32) DEFAULT NULL,
  `REGEX` varchar(255) DEFAULT NULL,
  PRIMARY KEY (`ID`) USING BTREE
) ENGINE=InnoDB DEFAULT CHARSET=utf8;

-- ----------------------------
-- Records of lxt_regex
-- ----------------------------
BEGIN;
INSERT INTO `lxt_regex` VALUES ('1', 'N', 'number', '数字', '2019-02-22 10:08:44', '2019-02-22 10:08:51', NULL, '^[0-9]*$');
INSERT INTO `lxt_regex` VALUES ('10', 'S', 'phone', '电话号码', NULL, NULL, NULL, '\\d{3}-\\d{8}|\\d{4}-\\d{7}');
INSERT INTO `lxt_regex` VALUES ('11', 'S', 'idcard', '身份证', NULL, NULL, NULL, '^([1-9]){1}(){16}([0-9]|X)?$');
INSERT INTO `lxt_regex` VALUES ('12', 'S', 'mail', '邮政编码', NULL, NULL, NULL, '[1-9]\\d{5}(?!\\d)');
INSERT INTO `lxt_regex` VALUES ('13', 'S', 'ip', 'IP地址', NULL, NULL, NULL, '\\d+\\.\\d+\\.\\d+\\.\\d+');
INSERT INTO `lxt_regex` VALUES ('14', 'S', 'required', '必填', NULL, NULL, NULL, '\\S');
INSERT INTO `lxt_regex` VALUES ('15', 'N', 'numberDecimal', '小数', NULL, NULL, NULL, '^(-?\\d+)(\\.\\d+)?$');
INSERT INTO `lxt_regex` VALUES ('2', 'N', 'numberNormal', '自然数', NULL, NULL, NULL, '^(0|[1-9][0-9]*)$');
INSERT INTO `lxt_regex` VALUES ('3', 'C', 'chinese', '中文', NULL, NULL, NULL, '^[\\u4e00-\\u9fa5]{0,}$');
INSERT INTO `lxt_regex` VALUES ('4', 'C', 'normal', '中文、字母和数字', NULL, NULL, NULL, '^[\\u4E00-\\u9FA5A-Za-z0-9]+$');
INSERT INTO `lxt_regex` VALUES ('5', 'C', 'symbol', '特殊符号', NULL, NULL, NULL, '[^%&\',;=?$\\x22]+');
INSERT INTO `lxt_regex` VALUES ('6', 'S', 'email', '电子邮箱', NULL, NULL, NULL, '^\\w+([-+.]\\w+)*@\\w+([-.]\\w+)*\\.\\w+([-.]\\w+)*$');
INSERT INTO `lxt_regex` VALUES ('7', 'S', 'domain', '域名', NULL, NULL, NULL, '^\\w+([-+.]\\w+)*@\\w+([-.]\\w+)*\\.\\w+([-.]\\w+)*$');
INSERT INTO `lxt_regex` VALUES ('8', 'S', 'url', '超链接', NULL, NULL, NULL, '[a-zA-z]+:\\/[^\\s]*');
INSERT INTO `lxt_regex` VALUES ('9', 'S', 'mobile', '移动电话', NULL, NULL, NULL, '^1[3|4|5|7|8]\\d{9}$');
COMMIT;

-- ----------------------------
-- Table structure for lxt_role
-- ----------------------------
DROP TABLE IF EXISTS `lxt_role`;
CREATE TABLE `lxt_role` (
  `ROLE_ID` varchar(32) NOT NULL,
  `NAME` varchar(64) DEFAULT NULL,
  `STATUS` int(11) DEFAULT '0',
  `USER_ID` varchar(32) DEFAULT NULL,
  `INSERT_TIME` datetime DEFAULT NULL,
  `UPDATE_TIME` datetime DEFAULT NULL,
  PRIMARY KEY (`ROLE_ID`) USING BTREE
) ENGINE=InnoDB DEFAULT CHARSET=utf8 COMMENT='用户表';

-- ----------------------------
-- Records of lxt_role
-- ----------------------------
BEGIN;
INSERT INTO `lxt_role` VALUES ('1', '管理员', 1, NULL, '2013-08-30 10:58:15', NULL);
INSERT INTO `lxt_role` VALUES ('2', '默认角色', 1, NULL, '2013-07-21 10:52:05', NULL);
INSERT INTO `lxt_role` VALUES ('3', '特殊角色', 1, NULL, '2013-07-21 20:30:28', NULL);
COMMIT;

-- ----------------------------
-- Table structure for lxt_role_menu
-- ----------------------------
DROP TABLE IF EXISTS `lxt_role_menu`;
CREATE TABLE `lxt_role_menu` (
  `MENU_ID` varchar(32) NOT NULL,
  `ROLE_ID` varchar(32) NOT NULL,
  PRIMARY KEY (`MENU_ID`,`ROLE_ID`) USING BTREE
) ENGINE=InnoDB DEFAULT CHARSET=utf8 COMMENT='用户表';

-- ----------------------------
-- Records of lxt_role_menu
-- ----------------------------
BEGIN;
INSERT INTO `lxt_role_menu` VALUES ('admin', '');
INSERT INTO `lxt_role_menu` VALUES ('chenjia', '');
INSERT INTO `lxt_role_menu` VALUES ('xiaoting', '');
COMMIT;

-- ----------------------------
-- Table structure for lxt_rule
-- ----------------------------
DROP TABLE IF EXISTS `lxt_rule`;
CREATE TABLE `lxt_rule` (
  `id` varchar(32) COLLATE utf8_bin NOT NULL,
  `category` varchar(32) COLLATE utf8_bin DEFAULT NULL,
  `name` varchar(64) COLLATE utf8_bin DEFAULT NULL,
  `content` text COLLATE utf8_bin,
  `version` varchar(32) COLLATE utf8_bin DEFAULT NULL,
  `insert_time` datetime DEFAULT NULL,
  `update_time` datetime DEFAULT NULL,
  `user_id` varchar(32) COLLATE utf8_bin DEFAULT NULL,
  `memo` varchar(255) COLLATE utf8_bin DEFAULT NULL,
  PRIMARY KEY (`id`)
) ENGINE=InnoDB DEFAULT CHARSET=utf8 COLLATE=utf8_bin;

-- ----------------------------
-- Records of lxt_rule
-- ----------------------------
BEGIN;
INSERT INTO `lxt_rule` VALUES ('1', 'workflow', 'username', 'package com.rules\n\nimport com.lxt.ms.workflow.model.User\n\nrule \"name\"\n    when\n        $user:User(username == \"admin\");\n    then\n    System.out.println(\"我是\"+$user.getUsername()+\"!\");\nend', '1.0', '2019-03-19 16:23:10', '2019-03-19 16:23:10', NULL, '测试用');
COMMIT;

-- ----------------------------
-- Table structure for lxt_user
-- ----------------------------
DROP TABLE IF EXISTS `lxt_user`;
CREATE TABLE `lxt_user` (
  `USER_ID` varchar(32) NOT NULL COMMENT '用户ID',
  `USERNAME` varchar(64) DEFAULT NULL COMMENT '用户名',
  `PASSWORD` varchar(64) DEFAULT NULL COMMENT '密码',
  `REALNAME` varchar(64) DEFAULT NULL COMMENT '真实姓名',
  `ORG_ID` varchar(32) DEFAULT NULL COMMENT '机构ID',
  `DEPT_ID` varchar(32) DEFAULT NULL COMMENT '部门ID',
  `STATUS` int(11) DEFAULT '0' COMMENT '状态',
  `INSERT_USER_ID` varchar(64) DEFAULT NULL COMMENT '创建人ID',
  `INSERT_TIME` datetime DEFAULT NULL COMMENT '创建时间',
  `UPDATE_TIME` datetime DEFAULT NULL COMMENT '最后更新时间',
  `LOGIN_TIME` datetime DEFAULT NULL COMMENT '最后登录时间',
  `SET_QUESTION` int(11) DEFAULT NULL COMMENT '是否设置密保',
  `UPDATE_QUESTION_TIME` datetime DEFAULT NULL COMMENT '最后更新密保时间',
  `UPDATE_PWD_TIME` datetime DEFAULT NULL COMMENT '最后更新密码时间',
  `PWD_STATUS` int(11) DEFAULT NULL COMMENT '是否修改密码',
  `MOBILE` varchar(32) DEFAULT NULL COMMENT '手机',
  `EMAIL` varchar(64) DEFAULT NULL COMMENT '邮箱',
  `QQ` varchar(32) DEFAULT NULL COMMENT 'QQ号码',
  `BIRTHDAY` datetime DEFAULT NULL COMMENT '出生日期',
  `GENDER` int(11) DEFAULT NULL COMMENT '性别',
  `IDENTITY_CARD` varchar(32) DEFAULT NULL COMMENT '身份证号',
  PRIMARY KEY (`USER_ID`) USING BTREE,
  KEY `FK_USER_DEPARTMENT` (`DEPT_ID`) USING BTREE,
  KEY `FK_USER_ORGANIZATION` (`ORG_ID`) USING BTREE
) ENGINE=InnoDB DEFAULT CHARSET=utf8 COMMENT='用户表';

-- ----------------------------
-- Records of lxt_user
-- ----------------------------
BEGIN;
INSERT INTO `lxt_user` VALUES ('admin', 'admin', '21232f297a57a5a743894a0e4a801fc3', '管理员', '11501', '1', 1, NULL, '2013-08-30 10:58:15', NULL, NULL, 1, NULL, NULL, 1, '1', '1', '1', '2013-08-30 10:58:30', 1, '1');
INSERT INTO `lxt_user` VALUES ('chenjia', 'chenjia', '6e92acacda1404464a7c04bedbe62bdf', '陈佳', '11502', '1', 1, NULL, '2013-07-21 10:52:05', NULL, NULL, 1, NULL, NULL, 1, '18702189255', 'chenjias1@sina.com', '251746034', '1989-05-28 00:00:00', 1, '43028198905282010');
INSERT INTO `lxt_user` VALUES ('xiaoting', 'xiaoting', 'bb909cda0c3f92bbf8666e0f2f22c330', '肖婷', '11502', '2', 1, NULL, '2013-07-21 20:30:28', NULL, NULL, 1, NULL, NULL, 1, '15021245307', '625520091@qq.com', '625520091', '1989-05-28 00:00:00', 0, '43028198909252142');
COMMIT;

-- ----------------------------
-- Table structure for lxt_user_role
-- ----------------------------
DROP TABLE IF EXISTS `lxt_user_role`;
CREATE TABLE `lxt_user_role` (
  `USER_ID` varchar(32) NOT NULL,
  `ROLE_ID` varchar(32) NOT NULL,
  PRIMARY KEY (`USER_ID`,`ROLE_ID`) USING BTREE
) ENGINE=InnoDB DEFAULT CHARSET=utf8 COMMENT='用户表';

-- ----------------------------
-- Records of lxt_user_role
-- ----------------------------
BEGIN;
INSERT INTO `lxt_user_role` VALUES ('admin', '1');
COMMIT;

-- ----------------------------
-- Table structure for lxt_user_setting
-- ----------------------------
DROP TABLE IF EXISTS `lxt_user_setting`;
CREATE TABLE `lxt_user_setting` (
  `USER_ID` varchar(32) NOT NULL DEFAULT '',
  `NICK_NAME` varchar(64) DEFAULT NULL,
  `CHAT_MOOD` varchar(255) DEFAULT NULL,
  `CHAT_STATUS` int(255) DEFAULT NULL,
  `HEAD_PIC` varchar(32) DEFAULT NULL,
  `MENU_CONFIG` varchar(4000) DEFAULT NULL,
  PRIMARY KEY (`USER_ID`) USING BTREE
) ENGINE=InnoDB DEFAULT CHARSET=utf8;

-- ----------------------------
-- Records of lxt_user_setting
-- ----------------------------
BEGIN;
INSERT INTO `lxt_user_setting` VALUES ('admin', '管理员', '英雄有泪不曾拭，放纵过往风凝之~', 1, 'admin.jpg', '{\"desktopMenus\":[{\"createTime\":1422965318194,\"href\":\"../../pages/system/userList.jsp\",\"icon\":\"../../images/icon32/user.png\",\"iconCls\":\"icon-user\",\"left\":60,\"name\":\"userList\",\"text\":\"用户列表\",\"top\":0},{\"createTime\":1423659417963,\"handler\":\"showChatWindow()\",\"icon\":\"../../images/icon32/user_comment.png\",\"iconCls\":\"icon-portal\",\"left\":0,\"name\":\"portals\",\"text\":\"好友管理\",\"top\":0}],\"taskMenus\":[{\"box\":{\"0\":{\"fcount\":1,\"jQuery18008647085735975053\":158},\"context\":{\"jQuery18008647085735975053\":9,\"location\":{\"hash\":\"\",\"host\":\"localhost\",\"hostname\":\"localhost\",\"href\":\"http://localhost/lxt1/pages/homepage/homepage.jsp?mode=desktop\",\"origin\":\"http://localhost\",\"password\":\"\",\"pathname\":\"/lxt1/pages/homepage/homepage.jsp\",\"port\":\"\",\"protocol\":\"http:\",\"search\":\"?mode=desktop\",\"username\":\"\"},\"validCodeImg\":{}},\"length\":1,\"selector\":\"#1422881459202\"},\"createTime\":1422800292845,\"dom\":{\"0\":{\"jQuery180009196721442845479\":156},\"length\":1},\"href\":\"../../pages/system/userList.jsp\",\"icon\":\"../../images/icon32/user.png\",\"iconCls\":\"icon-user\",\"left\":240,\"lock\":true,\"name\":\"userList\",\"text\":\"用户列表\",\"top\":120}]}');
INSERT INTO `lxt_user_setting` VALUES ('xiaoting', '婷婷', '遵从内心的选择！', 1, 'xiaoting.jpg', '{\"desktopMenus\":[{\"createTime\":1423021287538,\"handler\":\"showChatWindow()\",\"icon\":\"../../images/icon32/user_comment.png\",\"iconCls\":\"icon-portal\",\"left\":0,\"name\":\"portals\",\"text\":\"好友管理\",\"top\":0}],\"taskMenus\":[]}');
COMMIT;

SET FOREIGN_KEY_CHECKS = 1;
